City_ID,City,Country,Max Temp,Current Description,Lat,Lng,Hotel Name
0,Havelock,US,86.0,few clouds,34.88,-76.9,Sherwood Motel
1,Isangel,VU,74.61,clear sky,-19.55,169.27,Volcano Sea View Tree House
2,Rikitea,PF,69.44,broken clouds,-23.12,-134.97,Pension Maro'i
4,Vaini,TO,73.4,few clouds,-21.2,-175.2,Keleti Beach Resort
5,Pimentel,PE,69.8,few clouds,-6.84,-79.93,Casona Del Muelle
6,Visconde Do Rio Branco,BR,67.21,overcast clouds,-21.01,-42.84,Rio Branco palace hotel
7,Kitimat,CA,53.6,overcast clouds,54.05,-128.65,Kingfish Westcoast Adventures Ltd. Kitimat Estuary Lodge B&B
8,Nikolskoye,RU,66.2,overcast clouds,59.7,30.79,Tourist House - Sablino
9,Belmonte,BR,73.4,shower rain,-15.86,-38.88,Pousada Monte Carmelo O Pão
10,Guerrero Negro,MX,81.36,overcast clouds,27.98,-114.06,"Casa Laguna, Bed & Breakfast"
11,Butaritari,KI,82.83,broken clouds,3.07,172.79,Isles Sunset Lodge
16,Mogzon,RU,51.64,overcast clouds,51.74,111.96,
17,Atuona,PF,78.1,clear sky,-9.8,-139.03,Villa Enata
18,Sur,OM,80.64,overcast clouds,22.57,59.53,Sur Plaza Hotel
19,Yichang,CN,79.0,clear sky,30.71,111.28,Gezhouba Hotel
21,Yar-Sale,RU,53.29,broken clouds,66.83,70.83,Yalemd
25,Albany,US,88.0,clear sky,42.6,-73.97,
26,Victoria,HK,84.0,overcast clouds,22.29,114.16,Mini Hotel Central
27,Imbituba,BR,64.4,broken clouds,-28.24,-48.67,Praia Hotel Imbituba
28,Puerto Ayora,EC,71.6,broken clouds,-0.74,-90.35,Finch Bay Galapagos Hotel
29,Madang,PG,77.41,moderate rain,-5.22,145.8,Comfort Inn Hotel
30,Port Elizabeth,ZA,60.8,few clouds,-33.92,25.57,39 On Nile Guest House
31,Hermanus,ZA,57.99,overcast clouds,-34.42,19.23,Misty Waves Boutique Hotel
32,Yellowknife,CA,55.99,scattered clouds,62.46,-114.35,The Explorer Hotel
34,Karakol,KG,61.48,clear sky,42.49,78.39,"Gostinitsa ""Al'tamira"""
35,Bengkulu,ID,76.82,overcast clouds,-3.8,102.27,Grage Hotel Bengkulu
36,Presidencia Roque Saenz Pena,AR,74.05,few clouds,-26.79,-60.44,Hotel Aconcagua
39,Pacific Grove,US,64.4,haze,36.62,-121.92,Lovers Point Inn
40,Boddam,GB,54.0,overcast clouds,57.47,-1.78,Palace Hotel
41,Kaitangata,NZ,53.01,light rain,-46.28,169.85,Kaitangata Motor Camp
43,Bredasdorp,ZA,59.0,overcast clouds,-34.53,20.04,Bredasdorp Country Manor
45,Kapaa,US,78.8,overcast clouds,22.08,-159.32,Sheraton Kauai Resort at Coconut Beach
47,Fortuna,US,61.0,overcast clouds,40.6,-124.16,Super 8 by Wyndham Fortuna
48,Chuy,UY,62.53,clear sky,-33.7,-53.46,Nuevo Hotel Plaza
49,Geraldton,AU,50.0,scattered clouds,-28.77,114.6,Broadwater Mariner Resort
50,Marion,US,84.99,broken clouds,39.77,-86.16,Hilton Indianapolis Hotel & Suites
52,Nokaneng,BW,70.38,few clouds,-19.67,22.27,
54,Pouembout,NC,67.12,scattered clouds,-21.13,164.9,Camping de Tipenga
56,Noyabrsk,RU,51.46,overcast clouds,63.2,75.45,Hotel Uyutnaya
57,Lata,PT,82.99,scattered clouds,40.16,-8.33,Casa Maquia
58,Saint-Philippe,RE,69.8,scattered clouds,-21.36,55.77,"Chambres d'hôte ""La Trinité"""
59,Mahebourg,MU,71.6,scattered clouds,-20.41,57.7,Le Peninsula Bay Beach Resort & Spa
60,Itarema,BR,84.4,clear sky,-2.92,-39.92,Windvillage
61,Saint Anthony,US,86.0,clear sky,45.02,-93.22,Holiday Inn Express Roseville-St. Paul
63,Nantucket,US,78.8,clear sky,41.28,-70.1,Jared Coffin House
64,Broome,US,88.0,clear sky,42.25,-75.83,Chenango Valley State Park
65,Arraial Do Cabo,BR,73.4,scattered clouds,-22.97,-42.03,Pousada Porto Praia
66,Tari,NG,85.93,overcast clouds,12.41,4.49,
67,Castro,BR,58.14,scattered clouds,-24.79,-50.01,CHACARA BAILLY
68,Khatanga,RU,55.38,overcast clouds,71.97,102.5,"Gostinitsa ""Zapolyar'ye"""
70,Nome,US,51.8,overcast clouds,64.5,-165.41,Dredge 7 Inn
71,Lillooet,CA,55.99,clear sky,50.69,-121.94,Hotel Victoria
72,Talcahuano,CL,55.4,overcast clouds,-36.72,-73.12,Hotel Terramar
73,Avarua,CK,71.6,clear sky,-21.21,-159.78,Paradise Inn
75,Luzhou,CN,78.62,light rain,28.87,105.44,Shijichun Hotel
76,Faya,SA,77.0,few clouds,18.39,42.45,مقبرة ال مجمل
77,Sydney Mines,CA,78.01,scattered clouds,46.24,-60.22,At The Harbourfront B&B Inc
78,Namibe,AO,66.87,scattered clouds,-15.2,12.15,Hotel Chik Chik Namibe
80,Aras,ES,78.8,broken clouds,42.56,-2.36,Jardines de Viana Spa
81,Am Timan,TD,76.78,moderate rain,11.03,20.28,
82,Bondoukou,CI,82.2,broken clouds,8.03,-2.8,Prestige Hotel
84,Saldanha,ZA,62.6,overcast clouds,-33.01,17.94,Blue Bay Lodge
85,Soe,ID,61.21,clear sky,-9.86,124.28,Dena Hotel
86,College,US,55.99,broken clouds,64.86,-147.8,Pike's Waterfront Lodge
87,Jamestown,US,75.99,broken clouds,42.1,-79.24,Hampton Inn & Suites Jamestown
88,Vangaindrano,MG,66.79,clear sky,-23.35,47.6,Hotel Fanilo
89,Cape Town,ZA,62.01,few clouds,-33.93,18.42,Southern Sun Waterfront Cape Town
91,Roma,US,84.0,clear sky,43.21,-75.46,Wingate By Wyndham Rome
93,Talnakh,RU,57.2,overcast clouds,69.49,88.4,Talnakh Hotel
94,Port Alfred,ZA,59.49,clear sky,-33.59,26.89,The Halyards Hotel
95,Hilo,US,75.2,broken clouds,19.73,-155.09,Hilo Hawaiian Hotel
96,Hasaki,JP,75.2,scattered clouds,35.73,140.83,Inubosaki Kanko Hotel
97,Tubuala,PA,84.2,scattered clouds,9.52,-79.03,
98,Half Moon Bay,US,72.0,few clouds,37.46,-122.43,"The Ritz-Carlton, Half Moon Bay"
99,Kodiak,US,55.4,overcast clouds,57.79,-152.41,Best Western Kodiak Inn and Convention Center
100,Sitka,US,55.4,light intensity drizzle,57.05,-135.33,Westmark Sitka
101,Port Blair,IN,81.73,overcast clouds,11.67,92.75,Fortune Resort Bay Island
102,Birin,NP,78.8,scattered clouds,26.89,88.07,HOTEL SURYODAYA
103,Markivka,UA,66.29,clear sky,49.52,39.57,
104,Hof,DE,66.99,light rain,50.32,11.92,Hotel Burghof
105,Beremend,HU,80.6,clear sky,45.79,18.43,Hotel Beremend Rose
107,Torbay,CA,72.0,few clouds,47.67,-52.73,Gallows Cove
108,Solnechnyy,RU,57.33,overcast clouds,50.72,136.63,Hotel complex Pastoral
109,Lebu,CL,51.06,light rain,-37.62,-73.65,Hostal Las Lilas
111,Avera,US,82.4,overcast clouds,33.19,-82.53,
112,Le Port,RE,69.8,clear sky,-20.94,55.29,Villa Maido
113,Nayoro,JP,55.13,overcast clouds,44.35,142.46,大雪荘
114,Kahului,US,80.6,scattered clouds,20.89,-156.47,Maui Seaside Hotel
115,Tezu,IN,76.41,light rain,27.92,96.17,Circuit House
116,Champerico,GT,80.6,broken clouds,14.3,-91.92,"Hotel y restaurante ""El Diamante"""
117,Faanui,PF,76.48,clear sky,-16.48,-151.75,Bora-Bora Pearl Beach Resort & Spa
119,Novospasskoye,RU,59.54,clear sky,53.15,47.75,Gostinitsa
120,Airai,TL,57.02,broken clouds,-8.93,125.41,Juvinal Martin
121,Lamu,KE,76.12,few clouds,-2.27,40.9,Lamu House
122,Bambous Virieux,MU,72.0,scattered clouds,-20.34,57.76,Casa Tia Villa
123,Basco,PH,84.4,broken clouds,20.45,121.97,Nathaniel's Lodge
124,Ginir,ET,61.39,scattered clouds,7.13,40.7,Sura Dare Village
125,Dryden,CA,71.6,broken clouds,49.78,-92.75,Holiday Inn Express Dryden
126,Naryan-Mar,RU,58.46,few clouds,67.67,53.09,Hostel Agat
129,Ayan,RU,55.31,scattered clouds,56.45,138.17,Gostinitsa
130,Boyolangu,ID,72.73,broken clouds,-8.12,111.89,Yos ega cv
131,Mikuni,JP,78.8,few clouds,36.22,136.15,Haiya
132,Calvinia,ZA,60.01,clear sky,-31.47,19.78,Die Lemoenhuis
133,Bela,IN,82.72,light rain,25.93,81.98,Siddharth Hotel
135,Ribeira Grande,PT,77.0,scattered clouds,38.52,-28.7,Quinta da Meia Eira
136,Severo-Kurilsk,RU,51.06,overcast clouds,50.68,156.12,Kak Doma
137,Vila Franca Do Campo,PT,77.0,few clouds,37.72,-25.43,Pestana Bahia Praia
138,Constitucion,CL,53.35,overcast clouds,-35.33,-72.42,Hotel Boutique Las Azucenas
139,Obo,CF,70.99,overcast clouds,5.4,26.49,
141,Obigarm,TJ,72.12,clear sky,38.72,69.71,Kurort Obi Garm
142,Touros,BR,82.4,scattered clouds,-5.2,-35.46,INN NEW HORIZON
143,Challans,FR,71.6,scattered clouds,46.84,-1.87,Citotel Le Challans
144,Svetlaya,RU,62.96,overcast clouds,46.54,138.33,
145,Mar Del Plata,AR,64.4,clear sky,-38.0,-57.56,Gran Hotel Mar del Plata habitaciones
146,North Bend,US,62.01,fog,43.41,-124.22,Red Lion Hotel Coos Bay
147,Mendi,PG,53.37,overcast clouds,-6.18,143.65,Kiburu Lodge
148,Havre-Saint-Pierre,CA,66.2,scattered clouds,50.23,-63.6,Auberge Niapiskau
149,Los Llanos De Aridane,ES,81.0,few clouds,28.66,-17.92,Valle Aridane
150,Georgetown,MY,84.0,few clouds,5.41,100.34,Cititel Penang
151,Kununurra,AU,62.6,clear sky,-15.77,128.73,Hotel Kununurra
153,Atambua,ID,67.23,scattered clouds,-9.11,124.89,Pondok Pesantren Al Muhajirin Atambua
154,Karratha,AU,74.26,few clouds,-20.74,116.85,ibis Styles Karratha
155,Labuan,MY,77.0,few clouds,5.28,115.24,Tiara Labuan Hotel
156,Anderson,US,80.01,broken clouds,34.53,-82.65,The Bleckley Inn
157,Port Shepstone,ZA,64.96,clear sky,-30.74,30.45,My Den Beachfront B&B And Self-Catering
159,Kadhan,PK,82.58,light rain,24.48,68.99,Arshad Communication
160,Takoradi,GH,77.31,broken clouds,4.88,-1.76,Raybow International Hotel
161,Lagoa,PT,73.78,scattered clouds,39.05,-27.98,Casa Das Faias
162,Cordoba,AR,71.6,clear sky,-31.41,-64.18,Sheraton Cordoba Hotel
164,Khani,GE,69.8,thunderstorm,41.96,42.96,კურორტი ზეკარი/Resort Zekari
165,Glendive,US,72.0,haze,47.11,-104.71,Super 8 by Wyndham Glendive
166,Bonavista,CA,66.0,clear sky,48.65,-53.11,Abbott's Bed & Breakfast
167,Lazaro Cardenas,MX,83.98,light rain,17.96,-102.2,Collection O Hotel Quinta Antigua
168,Skibbereen,IE,62.6,broken clouds,51.55,-9.27,The West Cork Hotel
170,Geneva,US,84.99,clear sky,41.89,-88.31,Best Western Inn of St. Charles
171,Lubango,AO,68.83,broken clouds,-14.92,13.49,Hotel Serra da Chela
172,Canelli,IT,84.99,clear sky,44.72,8.29,Residenza San Vito
174,Norman Wells,CA,57.2,few clouds,65.28,-126.83,Heritage Hotel
175,Hithadhoo,MV,82.45,moderate rain,-0.6,73.08,Scoop Guest House
176,Tabuk,PH,74.98,overcast clouds,17.42,121.44,Grand Zion Garden Resort Hotel
177,Tha Chang,TH,78.22,scattered clouds,9.26,99.19,สุริยาค้าไม้
178,Kundiawa,PG,60.62,overcast clouds,-6.02,144.97,Kundiawa Hotel
179,Baruun-Urt,MN,56.82,scattered clouds,46.68,113.28,Ахмадын амралт сувилал
180,Marica,BR,71.6,broken clouds,-22.92,-42.82,Marica Hills
181,Vanimo,PG,77.76,moderate rain,-2.67,141.3,Vahmoneh Lodge Vanimo
182,Bandarbeyla,SO,77.29,broken clouds,9.49,50.81,REER XOOSHLE GROUP
183,Husavik,IS,51.8,overcast clouds,66.04,-17.34,Bjarnabúð
184,Dali,CN,63.05,clear sky,25.7,100.18,Dali Travelling With Hostel
185,Toyooka,JP,74.73,few clouds,35.53,134.83,O Hotel Toyooka
186,San Joaquin,VE,79.83,light rain,10.26,-67.79,"Rancho (Hacienda) ""La Quinta"""
187,Bathsheba,BB,86.0,shower rain,13.22,-59.52,Atlantis Hotel
188,Vila Velha,BR,71.6,broken clouds,-20.33,-40.29,Hotel Vitória Palace
189,Praia,CV,86.0,broken clouds,14.92,-23.51,LT Aparthotel
190,Sola,VU,80.17,overcast clouds,-13.88,167.55,Leumerus Bungalows
192,Sao Gabriel Da Cachoeira,BR,73.4,broken clouds,-0.13,-67.09,Alarne - Área De Lazer Do Alto Rio Negro
193,Illela,NG,89.1,overcast clouds,13.73,5.3,
195,Kloulklubed,PW,80.6,broken clouds,7.04,134.26,Storyboard Beach Resort
196,Margate,GB,71.01,light rain,51.38,1.39,Premier Inn Margate hotel
198,Redcar,GB,64.0,light rain,54.62,-1.06,The Park Hotel
199,Kenora,CA,68.0,overcast clouds,49.82,-94.43,Maynard Lake Lodge
200,Knysna,ZA,59.0,broken clouds,-34.04,23.05,Protea Hotel by Marriott Knysna Quays
202,Moose Factory,CA,57.2,clear sky,51.26,-80.61,Cree Village Eco Lodge
203,Khandagayty,RU,51.96,broken clouds,50.73,92.05,
205,San Juan,AR,68.58,clear sky,-31.54,-68.54,Hotel Provincial
206,Tuktoyaktuk,CA,55.4,few clouds,69.45,-133.04,End of The Road Ltd.
207,Tres Arroyos,AR,61.59,clear sky,-38.37,-60.28,Habitacion Triple con baño y entrada privada
208,Ucluelet,CA,60.01,broken clouds,48.93,-125.55,Black Rock Oceanfront Resort
209,Aden,YE,86.72,few clouds,12.78,45.04,Sama Emirate Hotel
210,Laguna,US,79.0,clear sky,38.42,-121.42,Holiday Inn Express & Suites Elk Grove Central - Hwy 99
211,Nioro,GM,77.61,overcast clouds,13.35,-15.75,
212,East London,ZA,63.64,few clouds,-33.02,27.91,Tu Casa
213,Chilca,PE,62.6,overcast clouds,-12.52,-76.74,Playa Punta Yaya - Las Salinas
215,Coquimbo,CL,57.2,scattered clouds,-29.95,-71.34,Hotel San Juan
216,Carnarvon,AU,64.4,broken clouds,-24.87,113.63,Hospitality Carnarvon
218,Revin,FR,60.8,broken clouds,49.94,4.63,Le Point du Jour
219,Hongjiang,CN,77.16,clear sky,27.11,110.0,洪江大酒店
220,Artyom,AZ,69.8,scattered clouds,40.47,50.33,Merdan Respect
222,Starkville,US,84.2,scattered clouds,33.45,-88.82,Hilton Garden Inn Starkville
223,Bethel,US,87.01,clear sky,41.37,-73.41,Courtyard by Marriott Danbury
224,Birao,CF,74.39,overcast clouds,10.28,22.79,
225,Ahuimanu,US,80.6,few clouds,21.44,-157.84,Paradise Bay Resort
226,Gigmoto,PH,81.16,overcast clouds,13.78,124.39,Cj's Travellers Inn
227,Zelenoborsk,RU,52.54,few clouds,61.47,64.03,
228,Carballo,ES,71.6,few clouds,43.21,-8.69,Pazo do Souto
229,Lethem,GY,85.71,light rain,3.38,-59.8,Savannah Inn
230,Ayagoz,KZ,67.53,overcast clouds,47.97,80.44,Gostinitsa Nur
232,Dingle,PH,76.98,overcast clouds,11.0,122.67,Camp Pasica
234,Alghero,IT,80.6,few clouds,40.56,8.32,Hotel Carlos V
235,Ponta Do Sol,PT,80.6,few clouds,32.67,-17.1,Hotel do Campo
236,Sarkand,KZ,66.58,scattered clouds,45.41,79.92,Гостиница Сарканд
238,Puerto Cabezas,NI,86.0,haze,14.04,-83.39,Hotel Caribe
239,Tuban,ID,77.61,few clouds,-6.9,112.06,Hotel Mustika
240,Cidreira,BR,62.67,clear sky,-30.18,-50.21,Hotel Castelo
242,Vrede,ZA,54.79,clear sky,-27.43,29.17,Vrede Hotel
244,Ayapel,CO,87.26,broken clouds,8.31,-75.14,Puerto de la Ceiba
245,High Level,CA,55.4,overcast clouds,58.52,-117.14,Days Inn by Wyndham High Level
246,Pangai,TO,77.47,broken clouds,-19.8,-174.35,Ha'apai Beach Resort
248,Trairi,BR,84.29,clear sky,-3.28,-39.27,Pousada Field Lilies - Trairi
249,Liaqatabad,PK,87.8,smoke,31.56,74.3,Hotel One Down Town Lahore
250,Aklavik,CA,55.4,broken clouds,68.22,-135.01,Aklavik Inn
251,Kresttsy,RU,63.18,overcast clouds,58.25,32.52,"Gostinitsa ""Lesnaya"""
252,Ichinoseki,JP,69.35,overcast clouds,38.92,141.13,一関温泉 山桜桃の湯
253,Harper,LR,77.7,broken clouds,4.38,-7.72,Screensaver
254,Hambantota,LK,80.6,few clouds,6.12,81.12,Bungalow 63
256,Manjacaze,MZ,66.78,clear sky,-24.71,33.88,Hotel Gani
257,Souillac,MU,71.6,scattered clouds,-20.52,57.52,Bils' Villa
258,Ancud,CL,51.01,overcast clouds,-41.87,-73.82,Hotel Arena Gruesa
259,Nikolsk,RU,56.71,clear sky,53.72,46.07,Гостиница Центральная
260,Trinidad,BO,73.4,clear sky,-14.83,-64.9,Hotel Piesta
261,San Quintin,MX,77.54,clear sky,30.48,-115.95,Old Mill Hotel
262,Vadakku Valliyur,IN,80.2,clear sky,8.38,77.65,Christopher Cottage
263,Tres De Maio,BR,63.59,clear sky,-27.77,-54.24,Hotel SABOR e ACONCHEGO
265,Upata,VE,84.99,moderate rain,8.01,-62.4,Posada Villa Nela
266,Sistranda,NO,54.0,broken clouds,63.73,8.83,Hotell Frøya
267,Mpika,ZM,62.76,broken clouds,-11.83,31.45,Melodies Lodge
268,Montes Claros,BR,78.8,broken clouds,-16.73,-43.86,ibis Montes Claros Shopping
269,Vestmannaeyjar,IS,55.4,overcast clouds,63.44,-20.27,Glamping & Camping
270,Verkhnetulomskiy,RU,60.8,broken clouds,68.61,31.8,Отель Уют
271,Pisco,PE,63.0,overcast clouds,-13.7,-76.22,Hostal San Isidro Oficial
272,Ponta Delgada,PT,77.0,few clouds,37.73,-25.67,Vila Nova Hotel
273,Marsabit,KE,71.58,scattered clouds,2.33,37.99,Chicho Hotel
274,Mayakonda,IN,72.66,broken clouds,14.28,76.08,St hostel
276,Swan River,CA,69.06,clear sky,52.11,-101.27,Super 8 by Wyndham Swan River MB
277,Lompoc,US,75.2,clear sky,34.64,-120.46,Holiday Inn Express Lompoc
278,Katsuura,JP,78.8,scattered clouds,35.13,140.3,Katsuura Hotel Mikazuki
279,La Ronge,CA,62.6,broken clouds,55.1,-105.28,Northland Motor Hotel
280,Sokoni,TZ,77.0,few clouds,-6.43,39.55,Ujamaa Beach Resort
281,Sault Sainte Marie,CA,73.4,overcast clouds,46.52,-84.33,Comfort Inn
282,Lincoln,US,89.01,clear sky,40.8,-96.67,Courtyard by Marriott Lincoln Downtown/Haymarket
283,Marsh Harbour,BS,86.36,scattered clouds,26.54,-77.06,Abaco Beach Resort
284,Turukhansk,RU,55.27,light rain,65.82,87.98,"ООО ""Туруханская пушнина"""
285,Dzaoudzi,YT,75.2,clear sky,-12.79,45.27,Le Rocher
287,San Patricio,MX,84.2,broken clouds,19.22,-104.7,Hotel Cabo Blanco
288,Rayong,TH,86.0,overcast clouds,12.83,101.43,Purimas Beach Hotel
289,Sao Filipe,CV,79.79,overcast clouds,14.9,-24.5,Tortuga B&B
290,Honiara,SB,73.4,broken clouds,-9.43,159.95,Heritage Park Hotel
291,Cody,US,71.01,clear sky,44.53,-109.06,Buffalo Bill (Cabins) Village
292,Wilmington,US,86.0,broken clouds,34.23,-77.94,"Hotel Ballast Wilmington, Tapestry Collection by Hilton"
293,Neuquen,AR,60.8,clear sky,-38.95,-68.06,Hotel del Comahue
294,Meulaboh,ID,78.1,overcast clouds,4.14,96.13,Kost Pria
296,Lehola,EE,63.0,light intensity shower rain,59.29,24.33,Pätsuloigu Puhketalu
297,Anau,PF,76.44,clear sky,-16.52,-151.73,InterContinental Bora Bora Resort Thalasso Spa
299,Ende,ID,75.06,scattered clouds,-8.84,121.66,Dwi Putra Hotel - Ende
301,Ha Tinh,VN,81.12,broken clouds,18.33,105.9,Phú Quý
304,Komsomolskiy,UZ,77.0,clear sky,40.43,71.72,Ikathouse
305,Matagami,CA,66.2,clear sky,49.75,-77.63,Hôtel Matagami
306,Kokopo,PG,75.78,moderate rain,-4.35,152.26,Kokopo Beach Bungalow Resort
308,Canhotinho,BR,78.6,scattered clouds,-8.88,-36.19,Fubica - canhotinho PE
309,Puri,IN,78.8,light rain,19.8,85.85,OYO 1577 Hotel Shree Hari Grand
310,Machiques,VE,86.49,broken clouds,10.06,-72.55,"Mi Casita Club, Machiques"
311,Esperance,AU,50.0,overcast clouds,-33.87,121.9,Hospitality Esperance
312,Kapit,MY,74.1,overcast clouds,2.02,112.93,Hotel Meligai Kapit
313,Maceio,BR,82.4,scattered clouds,-9.67,-35.74,Mercure Maceio Pajucara Hotel
314,Yinchuan,CN,65.79,clear sky,38.47,106.27,JJ Inns - Yinchuan New Moon Square Branch
315,Yining,CN,77.36,clear sky,29.04,114.56,Xiushui Hotel
317,Hay River,CA,57.2,broken clouds,60.82,-115.8,Ptarmigan Inn Hotels
319,Poum,NC,72.03,broken clouds,-20.23,164.02,Gîte kajeon
321,Lewistown,US,84.99,few clouds,40.6,-77.57,Quality Inn & Suites
322,Biak,ID,74.37,clear sky,-0.91,122.88,Kost Ariz
324,Banjar,ID,78.8,few clouds,-8.19,114.97,The Hamsa Resort
325,Bontang,ID,77.59,clear sky,0.13,117.5,Okra Leaf Guest House Syariah
326,Rocha,UY,63.45,clear sky,-34.48,-54.33,Beleza Pura B&B
327,Tibati,CM,69.13,light rain,6.47,12.63,Tibati Hotel
328,Yulara,AU,62.6,clear sky,-25.24,130.99,Desert Gardens Hotel - Ayers Rock Resort
330,Iisalmi,FI,68.0,few clouds,63.56,27.19,Original Sokos Hotel Koljonvirta
332,Hamilton,US,84.0,scattered clouds,39.18,-84.53,Six Acres Bed & Breakfast
333,Salalah,OM,77.0,overcast clouds,17.02,54.09,HAMDAN PLAZA HOTEL
334,Santo Antonio De Padua,BR,71.91,broken clouds,-21.54,-42.18,Hotel e Pousada Deolinda
335,Spokane,US,68.0,clear sky,47.62,-117.37,Quality Inn Downtown 4th Avenue
336,Tyukhtet,RU,53.58,overcast clouds,56.54,89.3,
337,Yumen,CN,71.1,clear sky,40.28,97.2,
338,Olafsvik,IS,52.39,scattered clouds,64.89,-23.71,Hotel Olafsvik
339,Prince Rupert,CA,57.2,overcast clouds,54.32,-130.32,Crest Hotel
340,Svobodnyy,RU,61.59,moderate rain,51.4,128.13,Alekseevskij Hotel
341,Colwyn Bay,GB,64.99,light rain,53.29,-3.73,Premier Inn Llandudno (Glan-Conwy) hotel
342,Nansio,TZ,77.0,clear sky,-2.13,33.05,Monarch Beach Hotel
343,Yushu,CN,64.87,overcast clouds,44.8,126.53,Honorable Institute
344,Vagur,FO,50.7,scattered clouds,61.47,-6.81,Vestmanna Hostel
346,Perth,AU,52.0,overcast clouds,-31.93,115.83,Parmelia Hilton Perth
347,Stockbridge,US,82.4,scattered clouds,33.54,-84.23,La Quinta Inn & Suites by Wyndham Atlanta Stockbridge
349,Santa Vitoria Do Palmar,BR,62.6,clear sky,-33.52,-53.37,Hostel Comodoro
351,Cairns,AU,55.4,broken clouds,-16.92,145.77,Mantra Trilogy Cairns
352,Kiunga,PG,72.0,overcast clouds,-6.12,141.29,Airport Lodge Kiunga
353,Acapulco,MX,82.4,broken clouds,16.86,-99.89,HS Hotsson Smart Acapulco
354,Beihai,CN,84.02,clear sky,21.48,109.1,21 Degree Hostel
356,Qaqortoq,GL,55.4,clear sky,60.72,-46.03,Hotel Qaqortoq
357,Kenai,US,57.2,broken clouds,60.55,-151.26,Aspen Extended Stay Suites
358,Algiers,DZ,86.0,few clouds,36.75,3.04,Sofitel Algiers Hamma Garden
359,Portland,US,68.0,few clouds,45.52,-122.68,Portland Marriott City Center
360,Mareeba,AU,55.4,broken clouds,-17.0,145.43,Trinity Plains Tourist Park
361,Yuncheng,CN,71.82,moderate rain,35.02,110.99,晋州快捷酒店
362,Mehamn,NO,66.2,broken clouds,71.04,27.85,Mehamn Arctic Hotel AS
363,Meleuz,RU,54.12,clear sky,52.97,55.92,Hotel Prestizh
364,Mumford,GH,75.61,few clouds,5.26,-0.76,Spanish Villa
365,Bonthe,SL,80.1,light rain,7.53,-12.51,Bonthe Holiday Village
367,Koumac,NC,70.14,scattered clouds,-20.57,164.28,Le Monitel
368,Berlevag,NO,66.2,light rain,70.86,29.09,Kvitbrakka
369,Eyl,SO,77.79,broken clouds,7.98,49.82,Amiin Hotel
370,Pucallpa,PE,75.2,broken clouds,-8.38,-74.55,Hotel Sol de Oriente - Pucallpa
371,Dekar,BW,66.81,clear sky,-21.53,21.93,
372,Ihosy,MG,62.83,few clouds,-22.4,46.12,Hotely Sariaka
373,Mkushi,ZM,63.86,broken clouds,-13.62,29.39,Divine Lodge Mkushi
374,Kushmurun,KZ,59.92,few clouds,52.45,64.63,Gostinitsa Pri Depo
376,Channel-Port Aux Basques,CA,64.81,clear sky,47.57,-59.14,St. Christopher's Hotel
377,Sao Joao Da Barra,BR,75.2,broken clouds,-21.64,-41.05,Pousada Porto De Canoas
378,Quatre Cocos,MU,72.0,scattered clouds,-20.21,57.76,Veranda Palmar Beach Hotel
379,Havoysund,NO,60.8,scattered clouds,71.0,24.66,Arctic View Glamping & Restaurant
380,Kodinsk,RU,54.54,overcast clouds,58.69,99.18,
381,Palmer,US,90.0,few clouds,42.16,-72.33,Wedgewood Motel
382,Namatanai,PG,77.77,moderate rain,-3.67,152.43,Namatanai Hotel
383,Seoul,KR,73.4,scattered clouds,37.57,126.98,LOTTE HOTEL SEOUL
384,Karasjok,NO,64.4,broken clouds,69.47,25.51,Karasjok camping AS
385,Peniche,PT,80.01,few clouds,39.36,-9.38,Hotel Star inn Peniche
386,Kavaratti,IN,82.51,light rain,10.57,72.64,Bismillah Hotel And Lodging
387,Fairbanks,US,55.0,overcast clouds,64.84,-147.72,Westmark Fairbanks Hotel & Conference Center
388,Ixtapa,MX,88.0,few clouds,20.7,-105.2,Container Inn Puerto Vallarta
389,Lasa,IT,66.99,broken clouds,46.62,10.7,Pension Feldgärtenhof
390,Irece,BR,87.35,scattered clouds,-11.3,-41.86,RADAR INN HOTEL
391,Tikhvin,RU,60.01,overcast clouds,59.65,33.53,"Gostinitsa ""Staryy Dom"""
392,Vyartsilya,RU,63.64,few clouds,62.18,30.69,Hotelli Joki
393,Iguape,BR,65.77,light rain,-24.71,-47.56,Hotel Pousada Nossa Senhora do Carmo
394,Pierre,US,87.01,clear sky,44.37,-100.35,Ramkota Hotel
396,Hami,CN,82.74,broken clouds,42.8,93.45,Laoyutang Resort
397,Robertsport,LR,76.71,moderate rain,6.75,-11.37,Kwepunha Retreat
399,Bandundu,CD,82.08,overcast clouds,-3.32,17.37,Coja Color
401,Oviedo,ES,72.0,scattered clouds,43.36,-5.84,Hotel Santa Clara
402,Port-Gentil,GA,80.6,scattered clouds,-0.72,8.78,Fengshui Residence
403,Disna,BY,65.12,moderate rain,55.57,28.2,
405,Waipawa,NZ,52.0,moderate rain,-41.41,175.52,Tora Coastal Walk
406,Plettenberg Bay,ZA,57.22,scattered clouds,-34.05,23.37,Thanda Vista B&B
407,Ahipara,NZ,55.35,light rain,-35.17,173.17,Ahipara Holiday Park
408,Urdoma,RU,60.98,scattered clouds,61.75,48.54,Vikonda
409,Andenes,NO,59.0,light intensity drizzle,69.31,16.12,Hotell Marena
410,Singaparna,ID,71.22,overcast clouds,-7.35,108.11,"H. maman Sukirman ""Koran"""
411,Mukhtolovo,RU,59.47,scattered clouds,55.46,43.2,
413,Kabinda,CD,80.28,overcast clouds,-6.13,24.48,Village Mianda Mutole
415,Ostrovnoy,RU,58.28,overcast clouds,68.05,39.51,
416,Wattegama,LK,78.89,broken clouds,6.8,81.48,
417,Sahuaripa,MX,86.43,overcast clouds,29.05,-109.23,Estatua de Sahuaripa
418,Ketchikan,US,57.2,mist,55.34,-131.65,Snows Cove Lodge
419,Bowen,AU,57.0,scattered clouds,-20.02,148.23,Castle Motor Lodge Motel
422,Vardo,NO,57.2,light rain,70.37,31.11,Vardø Hotel AS
423,Beloha,MG,67.89,clear sky,-25.17,45.05,
424,Calderitas,MX,87.8,broken clouds,18.55,-88.25,Hotel Hacienda Campestre
425,Horconcitos,PA,82.0,moderate rain,8.47,-81.8,KAFETE S.A
426,Mogadishu,SO,76.75,overcast clouds,2.04,45.34,Hotel Juba
427,Sinnamary,GF,85.78,light rain,5.38,-52.95,ALETHEIA Appartement Sinnamary
428,Urumqi,CN,77.0,broken clouds,43.8,87.6,Hua Ling Grand Hotel Urumqi
429,Ostersund,SE,55.4,overcast clouds,63.18,14.64,Best Western Hotel Gamla Teatern
430,Marzuq,YE,85.19,broken clouds,14.4,46.47,
431,Troitsko-Pechorsk,RU,52.34,overcast clouds,62.71,56.2,Pechora Gostinitsa
434,Boa Vista,BR,82.4,scattered clouds,2.82,-60.67,Aipana Plaza Hotel
436,Starachowice,PL,66.0,light rain,51.04,21.07,"Hotel Senator, Konferencje&SPA"
437,Sayyan,YE,68.99,light rain,15.17,44.32,الاستاذة مروى اليوسفي
438,Samdrup Jongkhar,BT,73.67,overcast clouds,26.92,91.62,
439,Nemuro,JP,62.28,scattered clouds,43.32,145.57,Hotel Nemuro Kaiyoutei
440,Burns Lake,CA,54.81,scattered clouds,54.23,-125.75,Burns Lake Bed and Breakfast
441,Kondinskoye,RU,53.78,overcast clouds,59.65,67.41,
442,Shymkent,KZ,87.8,scattered clouds,42.3,69.6,Orbita Boutique Hotel
443,Sao Jose Da Coroa Grande,BR,79.0,scattered clouds,-8.9,-35.15,Crôa Mares Hotel
444,Kalmunai,LK,81.93,light rain,7.42,81.82,VS Villa
445,Labuhan,ID,78.37,scattered clouds,-6.88,112.21,bador sepret
446,Korla,CN,84.0,few clouds,41.76,86.15,Gulisitan Hotel
447,Coahuayana,MX,77.0,haze,18.73,-103.68,Hotel Los Arcos
448,Naze,JP,84.2,broken clouds,28.37,129.48,奄美ポートタワーホテル
449,Acarau,BR,86.05,clear sky,-2.89,-40.12,castelo pizzaria
450,Brae,GB,51.8,broken clouds,60.4,-1.35,Busta House Hotel
451,Lerwick,GB,51.8,broken clouds,60.15,-1.15,The Lerwick Hotel
452,Killybegs,IE,59.0,overcast clouds,54.63,-8.45,Tara Hotel
453,Honningsvag,NO,60.8,scattered clouds,70.98,25.97,Nordkapp Vandrerhjem
455,Belen,TR,87.8,clear sky,36.49,36.22,Varlıbaş Uyku Sarayı
456,Mana,GF,84.94,light rain,5.66,-53.78,LE SAMANA
457,Caohai,CN,60.37,light rain,26.87,104.28,Jinhua Hotel
458,Ilhabela,BR,66.42,light rain,-23.78,-45.36,Ilha Flat Hotel
459,Baykit,RU,52.88,clear sky,61.67,96.37,Gostinitsa
460,Kinkala,CG,80.6,broken clouds,-4.36,14.76,Hotel la Vernande
461,Mackenzie,CA,51.8,clear sky,55.3,-123.17,Hilton Shop
462,Aleksandrovskoye,RU,64.4,scattered clouds,44.71,43.0,Mini hotel Tranzit
463,Exeter,GB,64.99,overcast clouds,50.72,-3.53,Premier Inn Exeter (Countess Wear) hotel
464,Bakaly,RU,57.42,clear sky,55.18,53.8,
465,Ushibuka,JP,80.33,clear sky,32.19,130.02,Hotei
468,Tura,IN,74.77,light rain,25.52,90.22,Hotel RIKMAN Continental
469,Sobolevo,RU,64.51,broken clouds,54.43,31.9,
470,Kelme,LT,64.4,overcast clouds,55.63,22.93,Gyvenamųjų patalpų nuoma
471,Hirado,JP,78.01,clear sky,33.36,129.55,Samson Hotel
472,Varhaug,NO,57.99,few clouds,58.61,5.65,Dancenter Gurihuset
473,Gushikawa,JP,82.4,overcast clouds,26.35,127.87,Kirari Guest House
474,Kizukuri,JP,69.01,clear sky,40.81,140.39,Hotel Sunroute Patio Goshogawara
475,Yokadouma,CM,72.59,moderate rain,3.52,15.05,Hôtel De Ville De Yokadouma
476,Canoinhas,BR,62.13,few clouds,-26.18,-50.39,Santa Catarina Plaza Hotel
477,Saint-Augustin,CA,60.78,light rain,51.23,-58.65,
478,Coihueco,CL,51.8,light rain,-36.62,-71.83,Frutillares Coihueco
479,Siparia,TT,89.6,few clouds,10.13,-61.5,Brook Gardens
480,Svetlyy,RU,71.01,scattered clouds,54.67,20.13,"Gostinitsa-Kafe, Alena"
481,Limbang,MY,75.2,light rain,4.75,115.0,Purnama Hotel
483,Quito,EC,68.0,few clouds,-0.23,-78.52,Hotel Boutique Plaza Sucre
484,Hofn,IS,55.4,broken clouds,64.25,-15.21,Hótel Höfn
485,Tadine,NC,71.01,broken clouds,-21.55,167.88,
486,Verkh-Usugli,RU,52.59,overcast clouds,52.7,115.17,"Gostinitsa ""Sever"""
487,Lyubim,RU,63.09,overcast clouds,58.36,40.68,
488,Ilo,PE,63.1,clear sky,-17.64,-71.34,Torreblanca Hotel
489,Pathein,MM,76.77,overcast clouds,16.78,94.73,Pathein Hotel
490,Vaitape,PF,77.29,clear sky,-16.52,-151.75,Conrad Bora Bora Nui
491,Atasu,KZ,64.76,overcast clouds,48.68,71.64,Dostyk
492,Savannah Bight,HN,82.81,scattered clouds,16.45,-85.85,Villa on Dunbar Rock
493,Stokmarknes,NO,55.4,shower rain,68.56,14.91,Vesterålen Kysthotell
494,Lazarev,RU,54.23,few clouds,52.23,141.51,
495,Martapura,ID,77.0,few clouds,-3.42,114.85,Montana Hotel Syariah
496,Vao,NC,70.23,overcast clouds,-22.67,167.48,Hotel Kou-Bugny
497,Kinsale,IE,64.99,broken clouds,51.71,-8.53,Actons Hotel Kinsale
498,Along,IN,74.19,light rain,28.17,94.77,Hotel West
499,Makakilo City,US,80.6,few clouds,21.35,-158.09,Marriott's Ko Olina Beach Club
500,Tautira,PF,69.8,few clouds,-17.73,-149.15,Pension Oaoa
501,Yeniseysk,RU,53.69,overcast clouds,58.45,92.17,"""Domino"""
503,Vilhena,BR,86.0,clear sky,-12.74,-60.15,Hotel Mirage
504,Albemarle,US,84.0,scattered clouds,35.35,-80.2,Holiday Inn Express & Suites Albemarle
505,Chokwe,MZ,73.2,clear sky,-24.53,32.98,Complexo Sonho Real
506,Lorengau,PG,78.15,moderate rain,-2.02,147.27,Lorengau Harbourside Hotel
508,Ondjiva,AO,87.8,clear sky,-17.07,15.73,SOS Motel
509,Tabou,CI,77.61,broken clouds,4.42,-7.35,hotêl doufoulougou
510,Anito,PH,78.4,broken clouds,12.45,125.29,The Yellow House
511,Merauke,ID,73.83,clear sky,-8.47,140.33,
512,Upington,ZA,77.0,clear sky,-28.45,21.26,River Place Manor
513,Tukrah,LY,79.83,clear sky,32.53,20.58,استراحة لاقروتا
515,Dudinka,RU,57.2,light rain,69.41,86.18,Hotel Viktoria
516,Golden,US,84.0,smoke,39.76,-105.22,"The Golden Hotel, Ascend Hotel Collection"
517,Chapais,CA,66.2,broken clouds,49.78,-74.85,Hôtel Opémiska
518,Haines Junction,CA,53.26,overcast clouds,60.75,-137.51,Parkside Inn
519,Ambilobe,MG,69.49,scattered clouds,-13.2,49.05,Hôtel & Restaurant DIANA Ambilobe
520,Kandrian,PG,77.11,moderate rain,-6.22,149.55,Kandrian Station
521,Moa,CU,84.36,light rain,20.66,-74.94,Renta en Divisa
522,Camacha,PT,77.0,few clouds,33.08,-16.33,Hotel Porto Santo & Spa
523,Cedar City,US,78.8,clear sky,37.68,-113.06,Hampton Inn Cedar City
524,Ramnagar,IN,76.89,scattered clouds,29.4,79.12,"Samsara The Resort & Club, Corbett"
525,Pozo Colorado,PY,63.68,overcast clouds,-23.49,-58.8,Hospedaje la Amistad
526,Abha,SA,77.0,few clouds,18.22,42.51,Abha Hotel
527,Berezovyy,RU,56.23,overcast clouds,51.67,135.7,"Hotel ""Phoenix"""
528,Singaraja,ID,77.18,few clouds,-8.11,115.09,Puri Bagus Lovina Resort
529,Show Low,US,81.0,clear sky,34.25,-110.03,Hampton Inn & Suites Show Low-Pinetop
530,Matara,LK,78.82,few clouds,5.95,80.54,Amaloh Boutique Resort
531,Garachine,PA,82.98,moderate rain,8.06,-78.36,
532,Les Cayes,HT,80.69,moderate rain,18.2,-73.75,Villa Orphee
535,Nantong,CN,84.0,clear sky,32.03,120.87,Overseas Chinese Hotel Nantong
536,Tupiza,BO,70.54,clear sky,-21.45,-65.72,La Torre Hotel
537,High Rock,BS,89.6,broken clouds,26.62,-78.28,Ocean Pearl Bonefishing Resort
538,Erenhot,CN,66.79,scattered clouds,43.65,111.98,Erenhot Rurouni Youth Hostel
539,Terrace,CA,53.6,overcast clouds,54.52,-128.6,Northern Motor Inn
540,Jiexiu,CN,70.12,moderate rain,37.02,111.91,IU Hotel Jinzhong Yuhua Road
541,Fare,PF,76.91,clear sky,-16.7,-151.02,Maitai Lapita Village Huahine
542,Moron,AR,64.4,clear sky,-34.65,-58.62,Hotel Morón
543,Mayor Pablo Lagerenza,PY,77.2,clear sky,-19.93,-60.77,
544,Fort Nelson,CA,53.6,mist,58.81,-122.7,The Fort Nelson Hotel
545,Shingu,JP,75.38,overcast clouds,33.73,135.98,Shingu UI Hotel
546,Goderich,CA,84.99,few clouds,43.75,-81.72,Harmony Inn
547,Ajdabiya,LY,80.91,clear sky,30.76,20.23,فندق التوجان
548,Lyuban,BY,65.39,moderate rain,52.8,28.0,
549,Torrington,US,90.0,scattered clouds,41.8,-73.12,The Yankee Pedlar Inn
551,Sao Francisco De Assis,BR,69.22,clear sky,-29.55,-55.13,Hotel Aguiar
552,Falam,MM,61.88,overcast clouds,22.92,93.68,Falang Government Guesthouse
553,Takahama,JP,80.01,scattered clouds,34.92,136.98,Tsuruya
554,Mastung,PK,82.69,broken clouds,29.8,66.84,Syed House
555,Huarmey,PE,66.9,scattered clouds,-10.07,-78.15,Hotel Miramar
556,Allapalli,IN,77.25,light rain,19.42,80.07,Hotel IK Residency
557,Tawau,MY,77.0,few clouds,4.25,117.89,Shervinton Executive Boutique Hotel
558,Biltine,TD,86.05,broken clouds,14.53,20.92,Hôtel Trois Étoiles de Biltine
559,Maine-Soroa,NE,84.45,overcast clouds,13.21,12.02,
560,Yenagoa,NG,78.17,overcast clouds,4.92,6.26,Amba Hotels Limited
561,San Carlos De Bariloche,AR,50.0,broken clouds,-41.15,-71.31,Hotel Patagonia
563,Norfolk,US,90.0,clear sky,42.17,-71.25,Residence Inn by Marriott Boston Norwood/Canton
564,Cayenne,GF,77.0,thunderstorm with rain,4.93,-52.33,Hôtel Le Dronmi
565,Damghan,IR,72.72,clear sky,36.17,54.35,خوابگاه اساتيد دانشگاه دامغان
566,Lichuan,CN,66.27,scattered clouds,30.3,108.85,Yicheng Hotel
568,Cervo,ES,70.0,few clouds,43.67,-7.41,Hotel Spa Galatea
569,Tanabe,JP,81.0,light rain,33.73,135.37,美吉屋旅館
570,Amuntai,ID,74.84,clear sky,-2.42,115.25,Hotel Balqis
571,Jimma,ET,61.81,moderate rain,7.67,36.83,Jimma Central Hotel
574,Yandyki,RU,69.4,scattered clouds,45.77,47.13,
577,Ust-Kut,RU,55.94,broken clouds,56.79,105.77,Otel Flagman
578,Gweta,BW,70.09,clear sky,-20.18,25.23,Gweta Lodge
580,Etaples,FR,64.4,scattered clouds,50.52,1.63,Hôtel Jules
582,Dumka,IN,82.85,broken clouds,24.27,87.25,"Hotel Shashwat , Sri Shyam Plaza ,Dumka"
583,Thessalon,CA,69.8,overcast clouds,46.25,-83.57,Carolyn Beach Inn & Restaurant
584,Tual,ID,78.46,broken clouds,-5.67,132.75,Grand Vilia Hotel
585,Bubaque,GW,80.76,overcast clouds,11.28,-15.83,Casa Dora
586,Petropavlovka,RU,53.82,overcast clouds,50.61,105.32,Tuyaa
587,Conceicao Da Barra,BR,66.67,light rain,-18.59,-39.73,Cricaré Praia Hotel
589,Daru,PG,76.32,broken clouds,-9.08,143.21,New century hotel
590,Port Macquarie,AU,50.0,clear sky,-31.43,152.92,Rydges Port Macquarie
591,Bjornevatn,NO,64.4,scattered clouds,69.67,29.98,Snowhotel Kirkenes | Gamme Northern Lights Cabins
592,Sorland,NO,51.8,light intensity shower rain,67.67,12.69,Sjybrygga fiskecamp
593,San Andres,CO,84.2,scattered clouds,12.58,-81.7,Hotel Arena Blanca
594,Kruisfontein,ZA,59.0,few clouds,-34.0,24.73,Oyster Bay House Rental
595,Toro,CO,77.0,scattered clouds,4.61,-76.08,Finca La Maria Toro Valle del Cauca
596,Kamloops,CA,59.0,broken clouds,50.67,-120.32,Ramada by Wyndham Kamloops
597,Canals,ES,87.01,broken clouds,38.96,-0.58,Hostal Casa La Vuelta
598,Celestun,MX,87.15,clear sky,20.87,-90.4,Posada Lilia
599,Imeni Poliny Osipenko,RU,54.61,overcast clouds,52.42,136.49,Yubileynaya
600,Tramore,IE,66.0,broken clouds,52.16,-7.15,Majestic Hotel
602,Raga,SS,72.72,moderate rain,8.46,25.68,
603,Magaria,NE,86.92,overcast clouds,13.0,8.91,Chez Honorable Chapiou
604,Valparaiso,CL,57.2,overcast clouds,-33.04,-71.63,Hotel Ultramar
606,Naisud,PH,78.91,overcast clouds,11.81,122.19,Villa Candari Beach Resort
607,Farafangana,MG,68.88,clear sky,-22.82,47.83,Austral Hotel
608,Siniscola,IT,84.2,clear sky,40.57,9.69,Hotel Sa Tanca E Bore
609,Shanghai,CN,84.2,clear sky,31.22,121.46,Regal International East Asia
610,Christchurch,NZ,52.0,mist,-43.53,172.63,"Chateau on the Park - Christchurch, a DoubleTree by Hilton"
611,Jawa,JO,86.0,clear sky,31.85,35.94,دار الحاج عبدالله ابو صعيليك واولاده
613,Reforma,MX,85.62,moderate rain,18.1,-91.02,
614,Voyvozh,RU,52.92,few clouds,62.89,54.96,Statistrovia
615,Grandview,US,89.01,clear sky,38.89,-94.53,Holiday Inn Express & Suites Kansas City-Grandview
617,Imphal,IN,70.79,scattered clouds,24.82,93.95,State Guest House
620,Jackson,US,69.01,clear sky,42.42,-122.83,Agate Village Apartments
621,Russell,US,86.0,few clouds,32.35,-85.2,Macs
622,Desnogorsk,RU,62.06,scattered clouds,54.15,33.28,Отель Гранд
623,Pacifica,US,70.0,haze,37.61,-122.49,"Pacifica Lighthouse, Trademark Collection by Wyndham"
624,Monroe,US,88.0,few clouds,43.15,-77.68,Staybridge Suites Rochester University
625,General Roca,AR,60.8,scattered clouds,-39.03,-67.58,Hotel El Recreo
626,Listvyanskiy,RU,54.03,light rain,54.44,83.5,
627,Sicuani,PE,63.28,clear sky,-14.27,-71.23,Wilkamayu Hotel
628,Mormugao,IN,79.5,moderate rain,15.4,73.8,Hotel La-Paz Gardens
630,Alofi,NU,73.4,broken clouds,-19.06,-169.92,Taloa Heights
631,Tromso,NO,57.2,broken clouds,69.65,18.96,"Radisson Blu Hotel, Tromsø"
632,Partapur,IN,77.0,light rain,23.6,74.17,Hotel Deependra And Restaurent
634,Kirakira,SB,79.52,light rain,-10.45,161.92,SanBiz Lodge
635,Iskateley,RU,58.32,few clouds,67.68,53.15,Hostel Agat
636,Kudahuvadhoo,MV,84.78,overcast clouds,2.67,72.89,Kudahuvadhoo Retreat
637,Padang,ID,79.5,overcast clouds,-0.95,100.35,Mercure Padang
638,Kargasok,RU,50.58,scattered clouds,59.06,80.86,Hotel Kargasok
639,Trapani,IT,86.0,clear sky,37.83,12.67,
640,Marquette,US,75.99,few clouds,46.53,-87.63,Al Quaal Lodge
641,Petropavlovsk-Kamchatskiy,RU,50.0,light intensity shower rain,53.05,158.65,"ООО ""Гостиничный комплекс ""Петропавловск"""
642,Kamaishi,JP,72.27,overcast clouds,39.27,141.88,Hotel Route Inn Kamaishi
643,Jimani,DO,77.0,light rain,18.49,-71.85,HOTEL LA TORRE
644,Barbastro,ES,86.0,few clouds,42.04,0.13,Gran Hotel Ciudad De Barbastro
645,Kabo,CF,74.35,light rain,7.7,18.63,
646,Tenenkou,ML,88.0,overcast clouds,14.46,-4.92,
647,Nanakuli,US,80.01,few clouds,21.39,-158.15,Camp Palehua
648,Ternate,ID,80.04,few clouds,0.8,127.4,Grand Dafam Bela Ternate
649,Bogorodskoye,RU,62.24,overcast clouds,56.55,37.88,Sosnoviy Bor
650,Kota Belud,MY,75.2,few clouds,6.35,116.43,Tang Dynasty Lodge Kota Belud
651,Asau,RO,73.0,clear sky,46.43,26.4,Casa Mika Ciobanus
652,San Vicente,AR,66.52,clear sky,-26.62,-54.13,Complejo Turístico Farelluk
654,Aleksandrovskiy Zavod,RU,52.16,broken clouds,50.92,117.94,Druzhba
655,Jipijapa,EC,73.4,overcast clouds,-1.33,-80.58,Los Ceibos Internacional
656,Soria,ES,75.0,broken clouds,41.67,-2.67,Casa Rural Sierra de Inodejo
657,Poopo,BO,56.16,clear sky,-18.37,-66.97,turistico HOTEL
658,Luganville,VU,78.13,broken clouds,-15.53,167.17,The Espiritu Hotel
659,Lyaskelya,RU,63.81,broken clouds,61.77,31.02,Manor Cafe
660,Birjand,IR,84.2,scattered clouds,32.87,59.22,Birjand Tourist Hotel
661,Kyabe,TD,75.97,broken clouds,9.45,18.94,
662,Ordzhonikidze,KZ,56.1,clear sky,52.44,61.74,Gostinitsa
663,Rawson,AR,63.97,broken clouds,-43.3,-65.1,Hotel Punta León
