City_ID,City,Country,Lat,Lng,Max Temp,Humidity,Cloudiness,Wind Speed,Current Description
0,Havelock,US,34.88,-76.9,86.0,62,20,6.93,few clouds
1,Isangel,VU,-19.55,169.27,74.61,87,4,3.36,clear sky
2,Rikitea,PF,-23.12,-134.97,69.44,83,84,22.28,broken clouds
3,Arman,RU,59.7,150.17,40.37,70,0,10.04,clear sky
4,Vaini,TO,-21.2,-175.2,73.4,94,20,8.05,few clouds
5,Pimentel,PE,-6.84,-79.93,69.8,60,12,13.87,few clouds
6,Visconde Do Rio Branco,BR,-21.01,-42.84,67.21,59,90,7.74,overcast clouds
7,Kitimat,CA,54.05,-128.65,53.6,93,90,2.24,overcast clouds
8,Nikolskoye,RU,59.7,30.79,66.2,72,90,8.95,overcast clouds
9,Belmonte,BR,-15.86,-38.88,73.4,78,75,6.93,shower rain
10,Guerrero Negro,MX,27.98,-114.06,81.36,54,88,15.32,overcast clouds
11,Butaritari,KI,3.07,172.79,82.83,68,65,9.91,broken clouds
12,Iqaluit,CA,63.75,-68.51,46.4,75,75,4.7,broken clouds
13,Codrington,AU,-38.27,141.97,44.49,84,65,8.68,broken clouds
14,New Norfolk,AU,-42.78,147.06,39.0,86,22,2.98,few clouds
15,Mataura,NZ,-46.19,168.86,44.01,91,46,4.0,scattered clouds
16,Mogzon,RU,51.74,111.96,51.64,92,85,4.68,overcast clouds
17,Atuona,PF,-9.8,-139.03,78.1,77,10,15.88,clear sky
18,Sur,OM,22.57,59.53,80.64,75,95,13.24,overcast clouds
19,Yichang,CN,30.71,111.28,79.0,85,0,2.21,clear sky
20,Provideniya,RU,64.38,-173.3,49.78,91,98,4.7,light rain
21,Yar-Sale,RU,66.83,70.83,53.29,92,56,11.97,broken clouds
22,Ushuaia,AR,-54.8,-68.3,35.6,74,40,11.41,scattered clouds
23,Bluff,NZ,-46.6,168.33,44.01,91,32,4.0,scattered clouds
24,Leningradskiy,RU,69.38,178.42,43.38,90,100,10.54,overcast clouds
25,Albany,US,42.6,-73.97,88.0,62,0,4.29,clear sky
26,Victoria,HK,22.29,114.16,84.0,74,100,8.01,overcast clouds
27,Imbituba,BR,-28.24,-48.67,64.4,72,75,3.36,broken clouds
28,Puerto Ayora,EC,-0.74,-90.35,71.6,64,75,20.8,broken clouds
29,Madang,PG,-5.22,145.8,77.41,89,100,6.44,moderate rain
30,Port Elizabeth,ZA,-33.92,25.57,60.8,77,20,20.8,few clouds
31,Hermanus,ZA,-34.42,19.23,57.99,91,100,1.01,overcast clouds
32,Yellowknife,CA,62.46,-114.35,55.99,71,40,8.05,scattered clouds
33,Qaanaaq,GL,77.48,-69.36,37.38,85,100,1.21,overcast clouds
34,Karakol,KG,42.49,78.39,61.48,43,0,2.1,clear sky
35,Bengkulu,ID,-3.8,102.27,76.82,88,96,4.16,overcast clouds
36,Presidencia Roque Saenz Pena,AR,-26.79,-60.44,74.05,35,12,10.98,few clouds
37,Luderitz,NA,-26.65,15.16,61.02,67,0,15.37,clear sky
38,Barrow,US,71.29,-156.79,37.4,93,90,13.87,fog
39,Pacific Grove,US,36.62,-121.92,64.4,72,40,3.36,haze
40,Boddam,GB,57.47,-1.78,54.0,81,100,10.29,overcast clouds
41,Kaitangata,NZ,-46.28,169.85,53.01,89,98,18.01,light rain
42,Upernavik,GL,72.79,-56.15,44.82,82,83,9.1,broken clouds
43,Bredasdorp,ZA,-34.53,20.04,59.0,87,100,11.41,overcast clouds
44,Dikson,RU,73.51,80.55,46.54,78,0,9.64,clear sky
45,Kapaa,US,22.08,-159.32,78.8,83,90,9.17,overcast clouds
46,Punta Arenas,CL,-53.15,-70.92,37.4,59,20,26.4,few clouds
47,Fortuna,US,40.6,-124.16,61.0,93,90,3.36,overcast clouds
48,Chuy,UY,-33.7,-53.46,62.53,55,0,10.42,clear sky
49,Geraldton,AU,-28.77,114.6,50.0,87,40,2.24,scattered clouds
50,Marion,US,39.77,-86.16,84.99,61,75,4.7,broken clouds
51,Thompson,CA,55.74,-97.86,46.4,100,90,8.05,light rain
52,Nokaneng,BW,-19.67,22.27,70.38,34,11,3.0,few clouds
53,Busselton,AU,-33.65,115.33,46.0,77,1,4.83,clear sky
54,Pouembout,NC,-21.13,164.9,67.12,84,31,3.13,scattered clouds
55,Ilulissat,GL,69.22,-51.1,46.4,52,3,3.36,clear sky
56,Noyabrsk,RU,63.2,75.45,51.46,95,98,7.85,overcast clouds
57,Lata,PT,40.16,-8.33,82.99,47,32,8.21,scattered clouds
58,Saint-Philippe,RE,-21.36,55.77,69.8,72,25,2.24,scattered clouds
59,Mahebourg,MU,-20.41,57.7,71.6,73,40,16.11,scattered clouds
60,Itarema,BR,-2.92,-39.92,84.4,59,2,20.92,clear sky
61,Saint Anthony,US,45.02,-93.22,86.0,69,1,3.36,clear sky
62,Bam,IR,29.11,58.36,93.07,24,58,25.05,broken clouds
63,Nantucket,US,41.28,-70.1,78.8,78,1,8.05,clear sky
64,Broome,US,42.25,-75.83,88.0,54,1,9.17,clear sky
65,Arraial Do Cabo,BR,-22.97,-42.03,73.4,60,40,8.05,scattered clouds
66,Tari,NG,12.41,4.49,85.93,62,97,7.87,overcast clouds
67,Castro,BR,-24.79,-50.01,58.14,68,33,10.85,scattered clouds
68,Khatanga,RU,71.97,102.5,55.38,67,85,9.57,overcast clouds
69,Victor Harbor,AU,-35.57,138.62,39.99,92,71,3.38,light rain
70,Nome,US,64.5,-165.41,51.8,87,90,5.82,overcast clouds
71,Lillooet,CA,50.69,-121.94,55.99,76,1,4.7,clear sky
72,Talcahuano,CL,-36.72,-73.12,55.4,71,90,26.4,overcast clouds
73,Avarua,CK,-21.21,-159.78,71.6,78,4,5.82,clear sky
74,Dunedin,NZ,-45.87,170.5,48.99,96,100,1.01,overcast clouds
75,Luzhou,CN,28.87,105.44,78.62,87,53,3.33,light rain
76,Faya,SA,18.39,42.45,77.0,69,20,9.17,few clouds
77,Sydney Mines,CA,46.24,-60.22,78.01,50,38,7.0,scattered clouds
78,Namibe,AO,-15.2,12.15,66.87,87,34,8.08,scattered clouds
79,Kharp,RU,66.8,65.81,49.5,84,60,3.09,broken clouds
80,Aras,ES,42.56,-2.36,78.8,36,64,8.05,broken clouds
81,Am Timan,TD,11.03,20.28,76.78,88,98,3.62,moderate rain
82,Bondoukou,CI,8.03,-2.8,82.2,66,69,5.06,broken clouds
83,Hobart,AU,-42.88,147.33,42.8,85,40,5.82,scattered clouds
84,Saldanha,ZA,-33.01,17.94,62.6,67,100,9.17,overcast clouds
85,Soe,ID,-9.86,124.28,61.21,93,10,5.77,clear sky
86,College,US,64.86,-147.8,55.99,93,75,1.63,broken clouds
87,Jamestown,US,42.1,-79.24,75.99,88,75,5.01,broken clouds
88,Vangaindrano,MG,-23.35,47.6,66.79,87,0,6.8,clear sky
89,Cape Town,ZA,-33.93,18.42,62.01,82,20,9.17,few clouds
90,Taoudenni,ML,22.68,-3.98,114.82,6,46,13.33,scattered clouds
91,Roma,US,43.21,-75.46,84.0,58,1,5.35,clear sky
92,Lavrentiya,RU,65.58,-171.0,46.65,95,97,4.79,overcast clouds
93,Talnakh,RU,69.49,88.4,57.2,93,100,6.71,overcast clouds
94,Port Alfred,ZA,-33.59,26.89,59.49,81,1,9.35,clear sky
95,Hilo,US,19.73,-155.09,75.2,88,75,3.62,broken clouds
96,Hasaki,JP,35.73,140.83,75.2,94,40,4.7,scattered clouds
97,Tubuala,PA,9.52,-79.03,84.2,79,40,5.82,scattered clouds
98,Half Moon Bay,US,37.46,-122.43,72.0,77,20,3.4,few clouds
99,Kodiak,US,57.79,-152.41,55.4,87,90,3.36,overcast clouds
100,Sitka,US,57.05,-135.33,55.4,93,90,3.36,light intensity drizzle
101,Port Blair,IN,11.67,92.75,81.73,80,100,8.23,overcast clouds
102,Birin,NP,26.89,88.07,78.8,94,40,2.24,scattered clouds
103,Markivka,UA,49.52,39.57,66.29,48,0,6.2,clear sky
104,Hof,DE,50.32,11.92,66.99,63,6,11.41,light rain
105,Beremend,HU,45.79,18.43,80.6,47,3,6.93,clear sky
106,Gao,ML,16.64,1.64,96.78,31,64,5.79,broken clouds
107,Torbay,CA,47.67,-52.73,72.0,45,20,10.29,few clouds
108,Solnechnyy,RU,50.72,136.63,57.33,91,97,1.21,overcast clouds
109,Lebu,CL,-37.62,-73.65,51.06,91,100,19.91,light rain
110,Maniitsoq,GL,65.42,-52.9,46.18,86,47,5.17,scattered clouds
111,Avera,US,33.19,-82.53,82.4,69,90,9.1,overcast clouds
112,Le Port,RE,-20.94,55.29,69.8,64,3,12.75,clear sky
113,Nayoro,JP,44.35,142.46,55.13,80,86,0.72,overcast clouds
114,Kahului,US,20.89,-156.47,80.6,61,40,10.29,scattered clouds
115,Tezu,IN,27.92,96.17,76.41,85,53,3.18,light rain
116,Champerico,GT,14.3,-91.92,80.6,78,75,4.7,broken clouds
117,Faanui,PF,-16.48,-151.75,76.48,76,1,19.6,clear sky
118,Ouallam,NE,14.32,2.09,93.4,39,38,11.21,scattered clouds
119,Novospasskoye,RU,53.15,47.75,59.54,72,9,4.99,clear sky
120,Airai,TL,-8.93,125.41,57.02,37,60,4.14,broken clouds
121,Lamu,KE,-2.27,40.9,76.12,80,21,13.62,few clouds
122,Bambous Virieux,MU,-20.34,57.76,72.0,73,40,16.11,scattered clouds
123,Basco,PH,20.45,121.97,84.4,78,62,26.37,broken clouds
124,Ginir,ET,7.13,40.7,61.39,78,34,7.09,scattered clouds
125,Dryden,CA,49.78,-92.75,71.6,88,75,5.82,broken clouds
126,Naryan-Mar,RU,67.67,53.09,58.46,82,19,10.33,few clouds
127,Port Lincoln,AU,-34.73,135.87,47.39,81,64,3.96,broken clouds
128,Mitha Tiwana,PK,32.25,72.11,94.35,43,0,6.02,clear sky
129,Ayan,RU,56.45,138.17,55.31,60,25,7.85,scattered clouds
130,Boyolangu,ID,-8.12,111.89,72.73,89,68,1.63,broken clouds
131,Mikuni,JP,36.22,136.15,78.8,88,20,1.12,few clouds
132,Calvinia,ZA,-31.47,19.78,60.01,32,0,5.37,clear sky
133,Bela,IN,25.93,81.98,82.72,72,9,4.34,light rain
134,Mandurah,AU,-32.55,115.7,46.4,100,69,6.85,broken clouds
135,Ribeira Grande,PT,38.52,-28.7,77.0,83,40,8.05,scattered clouds
136,Severo-Kurilsk,RU,50.68,156.12,51.06,73,95,5.32,overcast clouds
137,Vila Franca Do Campo,PT,37.72,-25.43,77.0,78,20,14.99,few clouds
138,Constitucion,CL,-35.33,-72.42,53.35,75,100,21.34,overcast clouds
139,Obo,CF,5.4,26.49,70.99,96,100,4.36,overcast clouds
140,Miass,RU,55.05,60.11,49.77,93,13,5.06,few clouds
141,Obigarm,TJ,38.72,69.71,72.12,17,0,2.51,clear sky
142,Touros,BR,-5.2,-35.46,82.4,61,40,17.22,scattered clouds
143,Challans,FR,46.84,-1.87,71.6,56,40,13.87,scattered clouds
144,Svetlaya,RU,46.54,138.33,62.96,78,88,2.08,overcast clouds
145,Mar Del Plata,AR,-38.0,-57.56,64.4,45,0,16.11,clear sky
146,North Bend,US,43.41,-124.22,62.01,93,40,7.31,fog
147,Mendi,PG,-6.18,143.65,53.37,100,100,1.12,overcast clouds
148,Havre-Saint-Pierre,CA,50.23,-63.6,66.2,55,40,11.41,scattered clouds
149,Los Llanos De Aridane,ES,28.66,-17.92,81.0,74,20,18.34,few clouds
150,Georgetown,MY,5.41,100.34,84.0,88,20,3.36,few clouds
151,Kununurra,AU,-15.77,128.73,62.6,24,1,7.25,clear sky
152,Brejo Santo,BR,-7.49,-38.99,91.4,26,0,12.75,clear sky
153,Atambua,ID,-9.11,124.89,67.23,73,48,5.68,scattered clouds
154,Karratha,AU,-20.74,116.85,74.26,47,12,7.52,few clouds
155,Labuan,MY,5.28,115.24,77.0,100,20,4.61,few clouds
156,Anderson,US,34.53,-82.65,80.01,69,75,6.93,broken clouds
157,Port Shepstone,ZA,-30.74,30.45,64.96,57,0,4.76,clear sky
158,Cherskiy,RU,68.75,161.3,38.28,94,100,13.82,overcast clouds
159,Kadhan,PK,24.48,68.99,82.58,84,100,21.43,light rain
160,Takoradi,GH,4.88,-1.76,77.31,80,51,12.17,broken clouds
161,Lagoa,PT,39.05,-27.98,73.78,88,45,14.36,scattered clouds
162,Cordoba,AR,-31.41,-64.18,71.6,14,0,24.16,clear sky
163,Saint George,US,37.1,-113.58,91.99,33,1,2.91,clear sky
164,Khani,GE,41.96,42.96,69.8,83,75,8.05,thunderstorm
165,Glendive,US,47.11,-104.71,72.0,43,1,13.87,haze
166,Bonavista,CA,48.65,-53.11,66.0,76,0,1.99,clear sky
167,Lazaro Cardenas,MX,17.96,-102.2,83.98,81,79,4.56,light rain
168,Skibbereen,IE,51.55,-9.27,62.6,67,75,14.99,broken clouds
169,Adrar,MR,20.5,-10.07,112.08,6,92,11.05,overcast clouds
170,Geneva,US,41.89,-88.31,84.99,54,1,9.17,clear sky
171,Lubango,AO,-14.92,13.49,68.83,36,56,3.94,broken clouds
172,Canelli,IT,44.72,8.29,84.99,54,4,5.59,clear sky
173,Tasiilaq,GL,65.61,-37.64,48.2,57,0,5.82,clear sky
174,Norman Wells,CA,65.28,-126.83,57.2,76,20,10.29,few clouds
175,Hithadhoo,MV,-0.6,73.08,82.45,78,42,12.3,moderate rain
176,Tabuk,PH,17.42,121.44,74.98,82,100,3.15,overcast clouds
177,Tha Chang,TH,9.26,99.19,78.22,79,36,4.12,scattered clouds
178,Kundiawa,PG,-6.02,144.97,60.62,80,97,0.96,overcast clouds
179,Baruun-Urt,MN,46.68,113.28,56.82,84,49,2.37,scattered clouds
180,Marica,BR,-22.92,-42.82,71.6,60,75,5.82,broken clouds
181,Vanimo,PG,-2.67,141.3,77.76,81,95,3.02,moderate rain
182,Bandarbeyla,SO,9.49,50.81,77.29,76,72,33.44,broken clouds
183,Husavik,IS,66.04,-17.34,51.8,71,97,9.17,overcast clouds
184,Dali,CN,25.7,100.18,63.05,86,4,4.45,clear sky
185,Toyooka,JP,35.53,134.83,74.73,85,15,2.35,few clouds
186,San Joaquin,VE,10.26,-67.79,79.83,73,72,2.64,light rain
187,Bathsheba,BB,13.22,-59.52,86.0,74,75,13.87,shower rain
188,Vila Velha,BR,-20.33,-40.29,71.6,64,75,19.46,broken clouds
189,Praia,CV,14.92,-23.51,86.0,70,75,13.87,broken clouds
190,Sola,VU,-13.88,167.55,80.17,86,93,14.25,overcast clouds
191,Yerbogachen,RU,61.28,108.01,48.76,61,53,7.05,broken clouds
192,Sao Gabriel Da Cachoeira,BR,-0.13,-67.09,73.4,78,75,5.82,broken clouds
193,Illela,NG,13.73,5.3,89.1,49,100,10.4,overcast clouds
194,Saskylakh,RU,71.92,114.08,41.79,80,0,7.74,clear sky
195,Kloulklubed,PW,7.04,134.26,80.6,78,75,5.82,broken clouds
196,Margate,GB,51.38,1.39,71.01,61,41,4.0,light rain
197,Udachnyy,RU,66.42,112.4,45.95,59,0,2.19,clear sky
198,Redcar,GB,54.62,-1.06,64.0,78,87,3.0,light rain
199,Kenora,CA,49.82,-94.43,68.0,82,90,4.7,overcast clouds
200,Knysna,ZA,-34.04,23.05,59.0,77,75,3.36,broken clouds
201,Longyearbyen,SJ,78.22,15.64,48.2,63,20,10.29,few clouds
202,Moose Factory,CA,51.26,-80.61,57.2,67,1,6.93,clear sky
203,Khandagayty,RU,50.73,92.05,51.96,65,80,3.0,broken clouds
204,Henties Bay,NA,-22.12,14.28,63.0,77,0,10.69,clear sky
205,San Juan,AR,-31.54,-68.54,68.58,21,0,3.78,clear sky
206,Tuktoyaktuk,CA,69.45,-133.04,55.4,82,20,8.05,few clouds
207,Tres Arroyos,AR,-38.37,-60.28,61.59,44,0,18.99,clear sky
208,Ucluelet,CA,48.93,-125.55,60.01,100,75,2.24,broken clouds
209,Aden,YE,12.78,45.04,86.72,64,12,1.41,few clouds
210,Laguna,US,38.42,-121.42,79.0,56,1,4.7,clear sky
211,Nioro,GM,13.35,-15.75,77.61,80,100,2.77,overcast clouds
212,East London,ZA,-33.02,27.91,63.64,72,23,5.48,few clouds
213,Chilca,PE,-12.52,-76.74,62.6,72,90,5.82,overcast clouds
214,Clyde River,CA,70.47,-68.59,43.07,88,100,8.03,overcast clouds
215,Coquimbo,CL,-29.95,-71.34,57.2,62,40,10.29,scattered clouds
216,Carnarvon,AU,-24.87,113.63,64.4,88,65,14.99,broken clouds
217,Nanortalik,GL,60.14,-45.24,47.32,78,4,3.0,clear sky
218,Revin,FR,49.94,4.63,60.8,82,69,13.87,broken clouds
219,Hongjiang,CN,27.11,110.0,77.16,81,0,3.69,clear sky
220,Artyom,AZ,40.47,50.33,69.8,60,40,16.11,scattered clouds
221,Klaksvik,FO,62.23,-6.59,48.2,76,85,17.22,light rain
222,Starkville,US,33.45,-88.82,84.2,58,40,4.68,scattered clouds
223,Bethel,US,41.37,-73.41,87.01,62,1,5.82,clear sky
224,Birao,CF,10.28,22.79,74.39,90,95,5.64,overcast clouds
225,Ahuimanu,US,21.44,-157.84,80.6,78,20,6.93,few clouds
226,Gigmoto,PH,13.78,124.39,81.16,80,100,4.81,overcast clouds
227,Zelenoborsk,RU,61.47,64.03,52.54,86,21,5.61,few clouds
228,Carballo,ES,43.21,-8.69,71.6,68,21,12.75,few clouds
229,Lethem,GY,3.38,-59.8,85.71,62,22,4.97,light rain
230,Ayagoz,KZ,47.97,80.44,67.53,37,99,5.37,overcast clouds
231,Port Augusta,AU,-32.5,137.77,48.2,81,90,1.12,overcast clouds
232,Dingle,PH,11.0,122.67,76.98,87,93,1.12,overcast clouds
233,Tiksi,RU,71.69,128.87,37.67,79,84,10.18,broken clouds
234,Alghero,IT,40.56,8.32,80.6,54,20,10.29,few clouds
235,Ponta Do Sol,PT,32.67,-17.1,80.6,47,20,18.34,few clouds
236,Sarkand,KZ,45.41,79.92,66.58,30,47,5.1,scattered clouds
237,Srednekolymsk,RU,67.45,153.68,33.8,91,97,7.52,overcast clouds
238,Puerto Cabezas,NI,14.04,-83.39,86.0,79,75,4.7,haze
239,Tuban,ID,-6.9,112.06,77.61,79,18,6.33,few clouds
240,Cidreira,BR,-30.18,-50.21,62.67,65,0,14.99,clear sky
241,Okhotsk,RU,59.38,143.3,44.35,71,17,1.61,few clouds
242,Vrede,ZA,-27.43,29.17,54.79,34,0,5.66,clear sky
243,Tuatapere,NZ,-46.13,167.68,44.01,91,60,4.0,broken clouds
244,Ayapel,CO,8.31,-75.14,87.26,68,54,2.75,broken clouds
245,High Level,CA,58.52,-117.14,55.4,93,90,5.82,overcast clouds
246,Pangai,TO,-19.8,-174.35,77.47,81,82,18.32,broken clouds
247,Ola,RU,59.58,151.28,42.64,64,48,10.98,scattered clouds
248,Trairi,BR,-3.28,-39.27,84.29,57,1,17.96,clear sky
249,Liaqatabad,PK,31.56,74.3,87.8,74,20,6.35,smoke
250,Aklavik,CA,68.22,-135.01,55.4,87,75,5.82,broken clouds
251,Kresttsy,RU,58.25,32.52,63.18,94,100,7.11,overcast clouds
252,Ichinoseki,JP,38.92,141.13,69.35,90,88,0.6,overcast clouds
253,Harper,LR,4.38,-7.72,77.7,77,73,11.43,broken clouds
254,Hambantota,LK,6.12,81.12,80.6,82,24,12.75,few clouds
255,Aykhal,RU,66.0,111.5,44.96,64,0,2.71,clear sky
256,Manjacaze,MZ,-24.71,33.88,66.78,49,0,5.7,clear sky
257,Souillac,MU,-20.52,57.52,71.6,73,40,16.11,scattered clouds
258,Ancud,CL,-41.87,-73.82,51.01,100,90,14.99,overcast clouds
259,Nikolsk,RU,53.72,46.07,56.71,76,2,2.91,clear sky
260,Trinidad,BO,-14.83,-64.9,73.4,49,0,3.36,clear sky
261,San Quintin,MX,30.48,-115.95,77.54,65,0,5.48,clear sky
262,Vadakku Valliyur,IN,8.38,77.65,80.2,73,5,7.96,clear sky
263,Tres De Maio,BR,-27.77,-54.24,63.59,68,0,11.25,clear sky
264,Whyalla,AU,-33.03,137.58,48.2,81,90,1.12,overcast clouds
265,Upata,VE,8.01,-62.4,84.99,72,47,7.0,moderate rain
266,Sistranda,NO,63.73,8.83,54.0,66,75,17.22,broken clouds
267,Mpika,ZM,-11.83,31.45,62.76,57,76,7.65,broken clouds
268,Montes Claros,BR,-16.73,-43.86,78.8,41,75,6.93,broken clouds
269,Vestmannaeyjar,IS,63.44,-20.27,55.4,66,91,9.17,overcast clouds
270,Verkhnetulomskiy,RU,68.61,31.8,60.8,87,75,6.71,broken clouds
271,Pisco,PE,-13.7,-76.22,63.0,77,90,8.05,overcast clouds
272,Ponta Delgada,PT,37.73,-25.67,77.0,78,20,14.99,few clouds
273,Marsabit,KE,2.33,37.99,71.58,54,37,18.97,scattered clouds
274,Mayakonda,IN,14.28,76.08,72.66,86,75,10.11,broken clouds
275,Pevek,RU,69.7,170.31,37.31,97,100,3.6,overcast clouds
276,Swan River,CA,52.11,-101.27,69.06,58,7,10.63,clear sky
277,Lompoc,US,34.64,-120.46,75.2,73,1,2.17,clear sky
278,Katsuura,JP,35.13,140.3,78.8,88,40,4.7,scattered clouds
279,La Ronge,CA,55.1,-105.28,62.6,63,75,17.22,broken clouds
280,Sokoni,TZ,-6.43,39.55,77.0,83,20,11.41,few clouds
281,Sault Sainte Marie,CA,46.52,-84.33,73.4,78,90,3.67,overcast clouds
282,Lincoln,US,40.8,-96.67,89.01,51,1,9.17,clear sky
283,Marsh Harbour,BS,26.54,-77.06,86.36,75,49,20.29,scattered clouds
284,Turukhansk,RU,65.82,87.98,55.27,88,100,8.59,light rain
285,Dzaoudzi,YT,-12.79,45.27,75.2,78,2,4.7,clear sky
286,Novo Aripuana,BR,-5.12,-60.38,101.25,22,0,2.82,clear sky
287,San Patricio,MX,19.22,-104.7,84.2,83,75,6.93,broken clouds
288,Rayong,TH,12.83,101.43,86.0,82,98,3.71,overcast clouds
289,Sao Filipe,CV,14.9,-24.5,79.79,78,96,7.29,overcast clouds
290,Honiara,SB,-9.43,159.95,73.4,100,75,3.36,broken clouds
291,Cody,US,44.53,-109.06,71.01,52,1,5.82,clear sky
292,Wilmington,US,34.23,-77.94,86.0,74,75,6.93,broken clouds
293,Neuquen,AR,-38.95,-68.06,60.8,38,7,2.24,clear sky
294,Meulaboh,ID,4.14,96.13,78.1,81,90,3.2,overcast clouds
295,Jaicos,BR,-7.36,-41.14,97.25,18,16,10.07,few clouds
296,Lehola,EE,59.29,24.33,63.0,93,40,10.29,light intensity shower rain
297,Anau,PF,-16.52,-151.73,76.44,76,2,19.6,clear sky
298,Nuuk,GL,64.18,-51.72,41.0,93,99,3.36,overcast clouds
299,Ende,ID,-8.84,121.66,75.06,67,48,3.53,scattered clouds
300,Valdivia,CL,-39.81,-73.25,46.4,100,90,1.12,light intensity shower rain
301,Ha Tinh,VN,18.33,105.9,81.12,77,68,7.07,broken clouds
302,Narrabri,AU,-30.32,149.78,41.0,80,90,3.36,overcast clouds
303,Dalby,AU,-27.18,151.27,37.0,61,0,7.0,clear sky
304,Komsomolskiy,UZ,40.43,71.72,77.0,38,0,9.17,clear sky
305,Matagami,CA,49.75,-77.63,66.2,52,1,6.08,clear sky
306,Kokopo,PG,-4.35,152.26,75.78,88,100,4.94,moderate rain
307,Rondonopolis,BR,-16.47,-54.64,101.53,19,8,1.9,clear sky
308,Canhotinho,BR,-8.88,-36.19,78.6,54,47,10.8,scattered clouds
309,Puri,IN,19.8,85.85,78.8,100,90,5.82,light rain
310,Machiques,VE,10.06,-72.55,86.49,63,76,2.8,broken clouds
311,Esperance,AU,-33.87,121.9,50.0,100,90,5.82,overcast clouds
312,Kapit,MY,2.02,112.93,74.1,93,96,0.16,overcast clouds
313,Maceio,BR,-9.67,-35.74,82.4,61,40,4.7,scattered clouds
314,Yinchuan,CN,38.47,106.27,65.79,71,0,9.26,clear sky
315,Yining,CN,29.04,114.56,77.36,82,0,2.15,clear sky
316,Castanos,MX,26.78,-101.42,91.99,51,20,8.84,few clouds
317,Hay River,CA,60.82,-115.8,57.2,76,75,6.93,broken clouds
318,Doha,QA,25.29,51.53,96.8,79,10,6.93,clear sky
319,Poum,NC,-20.23,164.02,72.03,81,82,13.65,broken clouds
320,Deputatskiy,RU,69.3,139.9,31.05,99,100,3.29,overcast clouds
321,Lewistown,US,40.6,-77.57,84.99,69,20,4.43,few clouds
322,Biak,ID,-0.91,122.88,74.37,69,1,6.06,clear sky
323,Gladstone,AU,-23.85,151.25,48.2,66,1,3.36,clear sky
324,Banjar,ID,-8.19,114.97,78.8,100,20,8.05,few clouds
325,Bontang,ID,0.13,117.5,77.59,85,9,6.49,clear sky
326,Rocha,UY,-34.48,-54.33,63.45,52,0,11.05,clear sky
327,Tibati,CM,6.47,12.63,69.13,93,98,4.65,light rain
328,Yulara,AU,-25.24,130.99,62.6,36,0,10.29,clear sky
329,Erdenet,MN,49.03,104.08,47.57,86,1,3.18,clear sky
330,Iisalmi,FI,63.56,27.19,68.0,56,21,8.05,few clouds
331,Batemans Bay,AU,-35.72,150.18,32.0,87,0,1.99,clear sky
332,Hamilton,US,39.18,-84.53,84.0,69,40,4.81,scattered clouds
333,Salalah,OM,17.02,54.09,77.0,100,90,5.82,overcast clouds
334,Santo Antonio De Padua,BR,-21.54,-42.18,71.91,53,61,4.12,broken clouds
335,Spokane,US,47.62,-117.37,68.0,48,1,2.04,clear sky
336,Tyukhtet,RU,56.54,89.3,53.58,95,97,6.08,overcast clouds
337,Yumen,CN,40.28,97.2,71.1,23,0,8.46,clear sky
338,Olafsvik,IS,64.89,-23.71,52.39,64,33,7.58,scattered clouds
339,Prince Rupert,CA,54.32,-130.32,57.2,87,90,6.93,overcast clouds
340,Svobodnyy,RU,51.4,128.13,61.59,96,100,3.74,moderate rain
341,Colwyn Bay,GB,53.29,-3.73,64.99,79,44,8.99,light rain
342,Nansio,TZ,-2.13,33.05,77.0,57,3,9.48,clear sky
343,Yushu,CN,44.8,126.53,64.87,89,100,7.23,overcast clouds
344,Vagur,FO,61.47,-6.81,50.7,78,42,14.85,scattered clouds
345,Coihaique,CL,-45.58,-72.07,39.2,86,90,6.93,light rain
346,Perth,AU,-31.93,115.83,52.0,93,94,3.36,overcast clouds
347,Stockbridge,US,33.54,-84.23,82.4,69,40,4.7,scattered clouds
348,Rio Gallegos,AR,-51.62,-69.22,42.8,41,20,21.92,few clouds
349,Santa Vitoria Do Palmar,BR,-33.52,-53.37,62.6,55,0,10.22,clear sky
350,Najran,SA,17.49,44.13,96.8,16,100,6.93,overcast clouds
351,Cairns,AU,-16.92,145.77,55.4,87,78,5.55,broken clouds
352,Kiunga,PG,-6.12,141.29,72.0,98,100,3.31,overcast clouds
353,Acapulco,MX,16.86,-99.89,82.4,83,75,3.36,broken clouds
354,Beihai,CN,21.48,109.1,84.02,78,0,10.13,clear sky
355,Arlit,NE,18.74,7.39,101.03,24,74,8.81,broken clouds
356,Qaqortoq,GL,60.72,-46.03,55.4,62,0,9.17,clear sky
357,Kenai,US,60.55,-151.26,57.2,82,75,3.36,broken clouds
358,Algiers,DZ,36.75,3.04,86.0,70,20,18.34,few clouds
359,Portland,US,45.52,-122.68,68.0,67,20,5.82,few clouds
360,Mareeba,AU,-17.0,145.43,55.4,87,77,2.01,broken clouds
361,Yuncheng,CN,35.02,110.99,71.82,90,100,14.0,moderate rain
362,Mehamn,NO,71.04,27.85,66.2,72,63,10.29,broken clouds
363,Meleuz,RU,52.97,55.92,54.12,88,0,3.06,clear sky
364,Mumford,GH,5.26,-0.76,75.61,85,13,13.85,few clouds
365,Bonthe,SL,7.53,-12.51,80.1,79,98,12.15,light rain
366,Jacareacanga,BR,-6.22,-57.75,102.87,18,0,3.11,clear sky
367,Koumac,NC,-20.57,164.28,70.14,80,49,8.14,scattered clouds
368,Berlevag,NO,70.86,29.09,66.2,59,88,16.11,light rain
369,Eyl,SO,7.98,49.82,77.79,70,54,28.74,broken clouds
370,Pucallpa,PE,-8.38,-74.55,75.2,57,75,5.82,broken clouds
371,Dekar,BW,-21.53,21.93,66.81,35,0,6.8,clear sky
372,Ihosy,MG,-22.4,46.12,62.83,77,14,7.47,few clouds
373,Mkushi,ZM,-13.62,29.39,63.86,50,59,6.64,broken clouds
374,Kushmurun,KZ,52.45,64.63,59.92,75,11,7.29,few clouds
375,Chokurdakh,RU,70.63,147.92,32.0,98,96,8.23,overcast clouds
376,Channel-Port Aux Basques,CA,47.57,-59.14,64.81,64,0,9.46,clear sky
377,Sao Joao Da Barra,BR,-21.64,-41.05,75.2,50,75,11.41,broken clouds
378,Quatre Cocos,MU,-20.21,57.76,72.0,73,40,16.11,scattered clouds
379,Havoysund,NO,71.0,24.66,60.8,72,40,9.17,scattered clouds
380,Kodinsk,RU,58.69,99.18,54.54,89,100,1.39,overcast clouds
381,Palmer,US,42.16,-72.33,90.0,48,20,11.41,few clouds
382,Namatanai,PG,-3.67,152.43,77.77,86,99,4.34,moderate rain
383,Seoul,KR,37.57,126.98,73.4,88,40,0.74,scattered clouds
384,Karasjok,NO,69.47,25.51,64.4,63,75,20.8,broken clouds
385,Peniche,PT,39.36,-9.38,80.01,61,12,11.01,few clouds
386,Kavaratti,IN,10.57,72.64,82.51,78,47,11.39,light rain
387,Fairbanks,US,64.84,-147.72,55.0,93,90,1.57,overcast clouds
388,Ixtapa,MX,20.7,-105.2,88.0,74,20,6.93,few clouds
389,Lasa,IT,46.62,10.7,66.99,63,75,6.93,broken clouds
390,Irece,BR,-11.3,-41.86,87.35,32,40,16.42,scattered clouds
391,Tikhvin,RU,59.65,33.53,60.01,92,98,1.99,overcast clouds
392,Vyartsilya,RU,62.18,30.69,63.64,72,19,7.52,few clouds
393,Iguape,BR,-24.71,-47.56,65.77,72,25,8.12,light rain
394,Pierre,US,44.37,-100.35,87.01,54,1,10.25,clear sky
395,Zhigansk,RU,66.77,123.37,40.48,86,10,14.07,clear sky
396,Hami,CN,42.8,93.45,82.74,20,80,6.89,broken clouds
397,Robertsport,LR,6.75,-11.37,76.71,88,91,17.72,moderate rain
398,Canutama,BR,-6.53,-64.38,100.24,22,0,0.47,clear sky
399,Bandundu,CD,-3.32,17.37,82.08,63,98,2.62,overcast clouds
400,Hope,US,33.67,-93.59,91.0,46,0,1.59,clear sky
401,Oviedo,ES,43.36,-5.84,72.0,72,41,7.0,scattered clouds
402,Port-Gentil,GA,-0.72,8.78,80.6,69,40,13.35,scattered clouds
403,Disna,BY,55.57,28.2,65.12,93,100,4.34,moderate rain
404,Fortuna Foothills,US,32.66,-114.41,102.0,41,1,9.17,clear sky
405,Waipawa,NZ,-41.41,175.52,52.0,93,97,17.22,moderate rain
406,Plettenberg Bay,ZA,-34.05,23.37,57.22,80,30,5.99,scattered clouds
407,Ahipara,NZ,-35.17,173.17,55.35,80,42,17.36,light rain
408,Urdoma,RU,61.75,48.54,60.98,85,49,3.58,scattered clouds
409,Andenes,NO,69.31,16.12,59.0,87,75,11.41,light intensity drizzle
410,Singaparna,ID,-7.35,108.11,71.22,89,88,1.36,overcast clouds
411,Mukhtolovo,RU,55.46,43.2,59.47,75,25,4.45,scattered clouds
412,Bilibino,RU,68.05,166.44,38.62,91,100,3.02,light rain
413,Kabinda,CD,-6.13,24.48,80.28,44,98,3.22,overcast clouds
414,Yeppoon,AU,-23.13,150.73,44.6,81,28,6.96,scattered clouds
415,Ostrovnoy,RU,68.05,39.51,58.28,89,100,20.09,overcast clouds
416,Wattegama,LK,6.8,81.48,78.89,75,71,6.76,broken clouds
417,Sahuaripa,MX,29.05,-109.23,86.43,53,94,3.87,overcast clouds
418,Ketchikan,US,55.34,-131.65,57.2,100,90,9.17,mist
419,Bowen,AU,-20.02,148.23,57.0,87,27,2.24,scattered clouds
420,Sisimiut,GL,66.94,-53.67,48.16,73,4,6.2,clear sky
421,Elbrus,RU,43.26,42.64,46.69,64,82,5.28,broken clouds
422,Vardo,NO,70.37,31.11,57.2,87,100,11.41,light rain
423,Beloha,MG,-25.17,45.05,67.89,81,1,9.37,clear sky
424,Calderitas,MX,18.55,-88.25,87.8,79,75,2.95,broken clouds
425,Horconcitos,PA,8.47,-81.8,82.0,87,31,2.98,moderate rain
426,Mogadishu,SO,2.04,45.34,76.75,78,100,15.17,overcast clouds
427,Sinnamary,GF,5.38,-52.95,85.78,67,3,9.64,light rain
428,Urumqi,CN,43.8,87.6,77.0,36,56,2.24,broken clouds
429,Ostersund,SE,63.18,14.64,55.4,62,96,6.93,overcast clouds
430,Marzuq,YE,14.4,46.47,85.19,41,71,8.57,broken clouds
431,Troitsko-Pechorsk,RU,62.71,56.2,52.34,85,96,0.78,overcast clouds
432,Mozarlandia,BR,-14.74,-50.57,100.0,17,0,3.94,clear sky
433,Spring Valley,US,36.11,-115.25,98.01,32,40,3.36,scattered clouds
434,Boa Vista,BR,2.82,-60.67,82.4,65,40,9.17,scattered clouds
435,Belaya Gora,RU,68.53,146.42,35.17,92,99,5.21,overcast clouds
436,Starachowice,PL,51.04,21.07,66.0,100,96,4.43,light rain
437,Sayyan,YE,15.17,44.32,68.99,53,96,3.02,light rain
438,Samdrup Jongkhar,BT,26.92,91.62,73.67,80,91,2.53,overcast clouds
439,Nemuro,JP,43.32,145.57,62.28,98,31,1.83,scattered clouds
440,Burns Lake,CA,54.23,-125.75,54.81,60,50,2.82,scattered clouds
441,Kondinskoye,RU,59.65,67.41,53.78,87,94,9.01,overcast clouds
442,Shymkent,KZ,42.3,69.6,87.8,16,46,6.71,scattered clouds
443,Sao Jose Da Coroa Grande,BR,-8.9,-35.15,79.0,67,26,10.96,scattered clouds
444,Kalmunai,LK,7.42,81.82,81.93,74,51,14.25,light rain
445,Labuhan,ID,-6.88,112.21,78.37,77,26,7.58,scattered clouds
446,Korla,CN,41.76,86.15,84.0,55,21,1.99,few clouds
447,Coahuayana,MX,18.73,-103.68,77.0,88,75,3.2,haze
448,Naze,JP,28.37,129.48,84.2,83,75,8.05,broken clouds
449,Acarau,BR,-2.89,-40.12,86.05,54,0,21.74,clear sky
450,Brae,GB,60.4,-1.35,51.8,71,75,14.99,broken clouds
451,Lerwick,GB,60.15,-1.15,51.8,71,75,14.99,broken clouds
452,Killybegs,IE,54.63,-8.45,59.0,87,90,18.34,overcast clouds
453,Honningsvag,NO,70.98,25.97,60.8,72,40,9.17,scattered clouds
454,Dehloran,IR,32.69,47.27,91.96,14,0,10.02,clear sky
455,Belen,TR,36.49,36.22,87.8,38,0,11.41,clear sky
456,Mana,GF,5.66,-53.78,84.94,69,4,10.11,light rain
457,Caohai,CN,26.87,104.28,60.37,95,12,8.16,light rain
458,Ilhabela,BR,-23.78,-45.36,66.42,66,46,4.47,light rain
459,Baykit,RU,61.67,96.37,52.88,88,1,2.04,clear sky
460,Kinkala,CG,-4.36,14.76,80.6,65,75,5.82,broken clouds
461,Mackenzie,CA,55.3,-123.17,51.8,76,1,9.17,clear sky
462,Aleksandrovskoye,RU,44.71,43.0,64.4,59,35,6.98,scattered clouds
463,Exeter,GB,50.72,-3.53,64.99,68,97,1.99,overcast clouds
464,Bakaly,RU,55.18,53.8,57.42,78,9,2.51,clear sky
465,Ushibuka,JP,32.19,130.02,80.33,79,9,3.65,clear sky
466,Beringovskiy,RU,63.05,179.32,49.62,87,4,6.51,clear sky
467,Cabo San Lucas,MX,22.89,-109.91,91.4,41,40,4.7,scattered clouds
468,Tura,IN,25.52,90.22,74.77,94,67,4.12,light rain
469,Sobolevo,RU,54.43,31.9,64.51,83,82,8.95,broken clouds
470,Kelme,LT,55.63,22.93,64.4,88,90,9.17,overcast clouds
471,Hirado,JP,33.36,129.55,78.01,76,0,4.99,clear sky
472,Varhaug,NO,58.61,5.65,57.99,81,23,4.0,few clouds
473,Gushikawa,JP,26.35,127.87,82.4,88,90,24.16,overcast clouds
474,Kizukuri,JP,40.81,140.39,69.01,94,1,3.83,clear sky
475,Yokadouma,CM,3.52,15.05,72.59,94,94,2.39,moderate rain
476,Canoinhas,BR,-26.18,-50.39,62.13,59,13,6.87,few clouds
477,Saint-Augustin,CA,51.23,-58.65,60.78,77,97,6.11,light rain
478,Coihueco,CL,-36.62,-71.83,51.8,81,90,16.11,light rain
479,Siparia,TT,10.13,-61.5,89.6,52,20,2.91,few clouds
480,Svetlyy,RU,54.67,20.13,71.01,64,27,13.42,scattered clouds
481,Limbang,MY,4.75,115.0,75.2,94,75,6.93,light rain
482,Opuwo,NA,-18.06,13.84,69.66,24,1,1.48,clear sky
483,Quito,EC,-0.23,-78.52,68.0,42,20,5.82,few clouds
484,Hofn,IS,64.25,-15.21,55.4,71,75,6.93,broken clouds
485,Tadine,NC,-21.55,167.88,71.01,91,71,6.24,broken clouds
486,Verkh-Usugli,RU,52.7,115.17,52.59,96,100,2.73,overcast clouds
487,Lyubim,RU,58.36,40.68,63.09,86,100,5.44,overcast clouds
488,Ilo,PE,-17.64,-71.34,63.1,71,7,7.23,clear sky
489,Pathein,MM,16.78,94.73,76.77,94,100,5.48,overcast clouds
490,Vaitape,PF,-16.52,-151.75,77.29,75,2,19.62,clear sky
491,Atasu,KZ,48.68,71.64,64.76,45,93,7.54,overcast clouds
492,Savannah Bight,HN,16.45,-85.85,82.81,78,48,6.76,scattered clouds
493,Stokmarknes,NO,68.56,14.91,55.4,93,75,9.17,shower rain
494,Lazarev,RU,52.23,141.51,54.23,77,11,5.84,few clouds
495,Martapura,ID,-3.42,114.85,77.0,83,22,4.7,few clouds
496,Vao,NC,-22.67,167.48,70.23,81,100,9.04,overcast clouds
497,Kinsale,IE,51.71,-8.53,64.99,67,75,14.99,broken clouds
498,Along,IN,28.17,94.77,74.19,88,92,1.16,light rain
499,Makakilo City,US,21.35,-158.09,80.6,83,20,3.36,few clouds
500,Tautira,PF,-17.73,-149.15,69.8,77,20,2.24,few clouds
501,Yeniseysk,RU,58.45,92.17,53.69,85,93,3.94,overcast clouds
502,Paamiut,GL,61.99,-49.67,42.58,88,5,4.18,clear sky
503,Vilhena,BR,-12.74,-60.15,86.0,37,0,5.82,clear sky
504,Albemarle,US,35.35,-80.2,84.0,69,40,6.93,scattered clouds
505,Chokwe,MZ,-24.53,32.98,73.2,30,0,6.29,clear sky
506,Lorengau,PG,-2.02,147.27,78.15,84,100,8.48,moderate rain
507,Waddan,LY,29.16,16.14,92.48,21,0,8.79,clear sky
508,Ondjiva,AO,-17.07,15.73,87.8,20,7,4.7,clear sky
509,Tabou,CI,4.42,-7.35,77.61,78,78,11.5,broken clouds
510,Anito,PH,12.45,125.29,78.4,86,77,3.8,broken clouds
511,Merauke,ID,-8.47,140.33,73.83,85,2,14.54,clear sky
512,Upington,ZA,-28.45,21.26,77.0,27,0,5.82,clear sky
513,Tukrah,LY,32.53,20.58,79.83,72,0,10.4,clear sky
514,Ouro Preto Do Oeste,BR,-10.75,-62.22,102.42,19,0,2.19,clear sky
515,Dudinka,RU,69.41,86.18,57.2,93,100,6.71,light rain
516,Golden,US,39.76,-105.22,84.0,15,5,6.93,smoke
517,Chapais,CA,49.78,-74.85,66.2,63,75,5.82,broken clouds
518,Haines Junction,CA,60.75,-137.51,53.26,72,91,2.51,overcast clouds
519,Ambilobe,MG,-13.2,49.05,69.49,77,34,2.55,scattered clouds
520,Kandrian,PG,-6.22,149.55,77.11,83,100,11.56,moderate rain
521,Moa,CU,20.66,-74.94,84.36,70,100,20.09,light rain
522,Camacha,PT,33.08,-16.33,77.0,69,20,13.87,few clouds
523,Cedar City,US,37.68,-113.06,78.8,27,1,3.36,clear sky
524,Ramnagar,IN,29.4,79.12,76.89,82,40,4.5,scattered clouds
525,Pozo Colorado,PY,-23.49,-58.8,63.68,63,99,6.55,overcast clouds
526,Abha,SA,18.22,42.51,77.0,69,20,9.17,few clouds
527,Berezovyy,RU,51.67,135.7,56.23,77,100,1.83,overcast clouds
528,Singaraja,ID,-8.11,115.09,77.18,73,15,4.27,few clouds
529,Show Low,US,34.25,-110.03,81.0,34,1,5.82,clear sky
530,Matara,LK,5.95,80.54,78.82,87,12,5.68,few clouds
531,Garachine,PA,8.06,-78.36,82.98,75,49,1.97,moderate rain
532,Les Cayes,HT,18.2,-73.75,80.69,80,100,23.49,moderate rain
533,Riyadh,SA,24.69,46.72,109.4,10,40,6.93,scattered clouds
534,Amapa,BR,1.0,-52.0,96.04,35,13,4.9,few clouds
535,Nantong,CN,32.03,120.87,84.0,76,0,9.17,clear sky
536,Tupiza,BO,-21.45,-65.72,70.54,17,0,30.2,clear sky
537,High Rock,BS,26.62,-78.28,89.6,75,75,17.22,broken clouds
538,Erenhot,CN,43.65,111.98,66.79,59,47,10.04,scattered clouds
539,Terrace,CA,54.52,-128.6,53.6,93,90,2.24,overcast clouds
540,Jiexiu,CN,37.02,111.91,70.12,81,100,5.86,moderate rain
541,Fare,PF,-16.7,-151.02,76.91,77,0,19.86,clear sky
542,Moron,AR,-34.65,-58.62,64.4,45,0,11.41,clear sky
543,Mayor Pablo Lagerenza,PY,-19.93,-60.77,77.2,37,3,9.13,clear sky
544,Fort Nelson,CA,58.81,-122.7,53.6,93,90,2.24,mist
545,Shingu,JP,33.73,135.98,75.38,89,100,3.62,overcast clouds
546,Goderich,CA,43.75,-81.72,84.99,57,22,1.01,few clouds
547,Ajdabiya,LY,30.76,20.23,80.91,64,0,20.4,clear sky
548,Lyuban,BY,52.8,28.0,65.39,96,100,8.55,moderate rain
549,Torrington,US,41.8,-73.12,90.0,60,42,3.0,scattered clouds
550,Nortelandia,BR,-14.45,-56.8,100.96,19,0,1.68,clear sky
551,Sao Francisco De Assis,BR,-29.55,-55.13,69.22,48,0,10.09,clear sky
552,Falam,MM,22.92,93.68,61.88,100,93,3.47,overcast clouds
553,Takahama,JP,34.92,136.98,80.01,88,40,3.36,scattered clouds
554,Mastung,PK,29.8,66.84,82.69,38,54,3.13,broken clouds
555,Huarmey,PE,-10.07,-78.15,66.9,63,42,8.5,scattered clouds
556,Allapalli,IN,19.42,80.07,77.25,92,100,2.19,light rain
557,Tawau,MY,4.25,117.89,77.0,94,20,2.24,few clouds
558,Biltine,TD,14.53,20.92,86.05,60,79,7.61,broken clouds
559,Maine-Soroa,NE,13.21,12.02,84.45,59,100,13.42,overcast clouds
560,Yenagoa,NG,4.92,6.26,78.17,80,100,6.67,overcast clouds
561,San Carlos De Bariloche,AR,-41.15,-71.31,50.0,66,75,23.04,broken clouds
562,Jizan,SA,17.33,42.67,93.2,67,20,9.17,few clouds
563,Norfolk,US,42.17,-71.25,90.0,62,1,4.7,clear sky
564,Cayenne,GF,4.93,-52.33,77.0,88,2,9.17,thunderstorm with rain
565,Damghan,IR,36.17,54.35,72.72,50,0,9.31,clear sky
566,Lichuan,CN,30.3,108.85,66.27,97,25,2.66,scattered clouds
567,Lakes Entrance,AU,-37.88,147.98,46.0,81,95,1.01,overcast clouds
568,Cervo,ES,43.67,-7.41,70.0,12,21,7.23,few clouds
569,Tanabe,JP,33.73,135.37,81.0,85,90,1.57,light rain
570,Amuntai,ID,-2.42,115.25,74.84,80,0,1.34,clear sky
571,Jimma,ET,7.67,36.83,61.81,87,98,2.24,moderate rain
572,Kharan,PK,28.58,65.42,93.24,34,44,12.12,scattered clouds
573,Paragominas,BR,-2.97,-47.48,93.76,39,50,4.76,scattered clouds
574,Yandyki,RU,45.77,47.13,69.4,40,36,7.58,scattered clouds
575,Neryungri,RU,56.67,124.65,42.87,79,73,0.92,broken clouds
576,Palana,RU,59.12,159.97,44.08,89,92,4.61,overcast clouds
577,Ust-Kut,RU,56.79,105.77,55.94,80,56,2.42,broken clouds
578,Gweta,BW,-20.18,25.23,70.09,31,0,9.75,clear sky
579,Lebedinyy,RU,58.52,125.52,37.29,79,9,1.68,clear sky
580,Etaples,FR,50.52,1.63,64.4,72,32,14.99,scattered clouds
581,Mount Gambier,AU,-37.83,140.77,39.2,93,90,4.7,overcast clouds
582,Dumka,IN,24.27,87.25,82.85,80,62,2.89,broken clouds
583,Thessalon,CA,46.25,-83.57,69.8,88,90,6.93,overcast clouds
584,Tual,ID,-5.67,132.75,78.46,80,67,18.54,broken clouds
585,Bubaque,GW,11.28,-15.83,80.76,79,100,12.33,overcast clouds
586,Petropavlovka,RU,50.61,105.32,53.82,80,96,5.06,overcast clouds
587,Conceicao Da Barra,BR,-18.59,-39.73,66.67,83,100,10.18,light rain
588,Walvis Bay,NA,-22.96,14.51,80.6,21,0,11.41,clear sky
589,Daru,PG,-9.08,143.21,76.32,75,61,13.91,broken clouds
590,Port Macquarie,AU,-31.43,152.92,50.0,53,0,1.01,clear sky
591,Bjornevatn,NO,69.67,29.98,64.4,77,40,13.87,scattered clouds
592,Sorland,NO,67.67,12.69,51.8,81,75,19.46,light intensity shower rain
593,San Andres,CO,12.58,-81.7,84.2,79,40,3.36,scattered clouds
594,Kruisfontein,ZA,-34.0,24.73,59.0,80,19,3.0,few clouds
595,Toro,CO,4.61,-76.08,77.0,78,40,6.93,scattered clouds
596,Kamloops,CA,50.67,-120.32,59.0,58,75,3.36,broken clouds
597,Canals,ES,38.96,-0.58,87.01,62,54,1.01,broken clouds
598,Celestun,MX,20.87,-90.4,87.15,63,10,7.34,clear sky
599,Imeni Poliny Osipenko,RU,52.42,136.49,54.61,75,100,2.77,overcast clouds
600,Tramore,IE,52.16,-7.15,66.0,82,75,12.75,broken clouds
601,Windhoek,NA,-22.56,17.08,77.0,14,0,3.36,clear sky
602,Raga,SS,8.46,25.68,72.72,94,96,5.86,moderate rain
603,Magaria,NE,13.0,8.91,86.92,53,99,8.5,overcast clouds
604,Valparaiso,CL,-33.04,-71.63,57.2,62,87,23.04,overcast clouds
605,Egvekinot,RU,66.32,-179.17,46.2,96,99,3.71,light rain
606,Naisud,PH,11.81,122.19,78.91,84,99,4.32,overcast clouds
607,Farafangana,MG,-22.82,47.83,68.88,84,0,9.17,clear sky
608,Siniscola,IT,40.57,9.69,84.2,30,0,26.4,clear sky
609,Shanghai,CN,31.22,121.46,84.2,74,0,6.71,clear sky
610,Christchurch,NZ,-43.53,172.63,52.0,100,100,6.93,mist
611,Jawa,JO,31.85,35.94,86.0,51,0,4.7,clear sky
612,Pangnirtung,CA,66.15,-65.71,42.8,93,90,10.29,mist
613,Reforma,MX,18.1,-91.02,85.62,79,89,6.17,moderate rain
614,Voyvozh,RU,62.89,54.96,52.92,86,21,1.88,few clouds
615,Grandview,US,38.89,-94.53,89.01,51,1,10.29,clear sky
616,Iranshahr,IR,27.2,60.68,96.8,39,40,18.34,scattered clouds
617,Imphal,IN,24.82,93.95,70.79,92,26,1.59,scattered clouds
618,Mokhotlong,LS,-29.29,29.07,49.57,40,0,5.93,clear sky
619,Evensk,RU,61.95,159.23,42.55,65,97,8.59,overcast clouds
620,Jackson,US,42.42,-122.83,69.01,66,0,2.44,clear sky
621,Russell,US,32.35,-85.2,86.0,62,20,5.08,few clouds
622,Desnogorsk,RU,54.15,33.28,62.06,84,49,6.38,scattered clouds
623,Pacifica,US,37.61,-122.49,70.0,72,75,6.93,haze
624,Monroe,US,43.15,-77.68,88.0,48,20,8.05,few clouds
625,General Roca,AR,-39.03,-67.58,60.8,38,45,2.24,scattered clouds
626,Listvyanskiy,RU,54.44,83.5,54.03,91,86,6.55,light rain
627,Sicuani,PE,-14.27,-71.23,63.28,28,0,8.03,clear sky
628,Mormugao,IN,15.4,73.8,79.5,88,73,11.7,moderate rain
629,Nacogdoches,US,31.6,-94.63,93.0,62,90,4.7,overcast clouds
630,Alofi,NU,-19.06,-169.92,73.4,88,72,8.05,broken clouds
631,Tromso,NO,69.65,18.96,57.2,87,75,3.36,broken clouds
632,Partapur,IN,23.6,74.17,77.0,93,100,11.86,light rain
633,Urucara,BR,-2.54,-57.76,101.7,23,1,2.86,clear sky
634,Kirakira,SB,-10.45,161.92,79.52,82,92,7.7,light rain
635,Iskateley,RU,67.68,53.15,58.32,82,17,10.25,few clouds
636,Kudahuvadhoo,MV,2.67,72.89,84.78,65,91,3.89,overcast clouds
637,Padang,ID,-0.95,100.35,79.5,71,95,4.05,overcast clouds
638,Kargasok,RU,59.06,80.86,50.58,90,35,5.93,scattered clouds
639,Trapani,IT,37.83,12.67,86.0,74,0,12.75,clear sky
640,Marquette,US,46.53,-87.63,75.99,85,20,3.67,few clouds
641,Petropavlovsk-Kamchatskiy,RU,53.05,158.65,50.0,100,75,2.24,light intensity shower rain
642,Kamaishi,JP,39.27,141.88,72.27,81,98,3.0,overcast clouds
643,Jimani,DO,18.49,-71.85,77.0,88,90,23.04,light rain
644,Barbastro,ES,42.04,0.13,86.0,20,16,13.87,few clouds
645,Kabo,CF,7.7,18.63,74.35,90,99,2.21,light rain
646,Tenenkou,ML,14.46,-4.92,88.0,51,93,9.4,overcast clouds
647,Nanakuli,US,21.39,-158.15,80.01,83,20,3.36,few clouds
648,Ternate,ID,0.8,127.4,80.04,83,24,3.65,few clouds
649,Bogorodskoye,RU,56.55,37.88,62.24,77,92,7.36,overcast clouds
650,Kota Belud,MY,6.35,116.43,75.2,100,20,2.24,few clouds
651,Asau,RO,46.43,26.4,73.0,75,10,2.91,clear sky
652,San Vicente,AR,-26.62,-54.13,66.52,50,0,5.95,clear sky
653,Santo Antonio Do Ica,BR,-3.1,-67.94,90.28,39,0,2.57,clear sky
654,Aleksandrovskiy Zavod,RU,50.92,117.94,52.16,93,54,2.19,broken clouds
655,Jipijapa,EC,-1.33,-80.58,73.4,83,90,9.17,overcast clouds
656,Soria,ES,41.67,-2.67,75.0,40,52,8.99,broken clouds
657,Poopo,BO,-18.37,-66.97,56.16,32,0,8.75,clear sky
658,Luganville,VU,-15.53,167.17,78.13,86,68,5.03,broken clouds
659,Lyaskelya,RU,61.77,31.02,63.81,73,84,11.01,broken clouds
660,Birjand,IR,32.87,59.22,84.2,30,40,4.7,scattered clouds
661,Kyabe,TD,9.45,18.94,75.97,92,73,3.58,broken clouds
662,Ordzhonikidze,KZ,52.44,61.74,56.1,81,0,6.31,clear sky
663,Rawson,AR,-43.3,-65.1,63.97,29,75,8.12,broken clouds
